,element,fixture,opponent_team,total_points,was_home,kickoff_time,team_h_score,team_a_score,round,minutes,goals_scored,assists,clean_sheets,goals_conceded,own_goals,penalties_saved,penalties_missed,yellow_cards,red_cards,saves,bonus,bps,influence,creativity,threat,ict_index,starts,expected_goals,expected_assists,expected_goal_involvements,expected_goals_conceded,value,transfers_balance,selected,transfers_in,transfers_out,id,name,cost,position,home_team,away_team,team_x
0,1,21,Fulham,0,True,2023-08-26T14:00:00Z,2.0,2.0,3,0,0,0,0,0,0,0,0,0,0,0,0,0,0.0,0.0,0.0,0.0,0,0.00,0.00,0.00,0.00,45,-7682,58109,2507,10189,1,Folarin Balogun,44,FWD,Arsenal,Fulham,Arsenal
1,2,21,Fulham,0,True,2023-08-26T14:00:00Z,2.0,2.0,3,0,0,0,0,0,0,0,0,0,0,0,0,0,0.0,0.0,0.0,0.0,0,0.00,0.00,0.00,0.00,40,-2284,34131,1538,3822,2,Cédric Alves Soares,40,DEF,Arsenal,Fulham,Arsenal
2,3,21,Fulham,0,True,2023-08-26T14:00:00Z,2.0,2.0,3,0,0,0,0,0,0,0,0,0,0,0,0,0,0.0,0.0,0.0,0.0,0,0.00,0.00,0.00,0.00,44,320,8822,2812,2492,3,Mohamed Elneny,44,MID,Arsenal,Fulham,Arsenal
3,4,21,Fulham,7,True,2023-08-26T14:00:00Z,2.0,2.0,3,34,0,2,0,1,0,0,0,0,0,0,0,22,23.0,15.3,25.0,6.3,0,0.04,0.22,0.26,0.25,54,-1390,9325,183,1573,4,Fábio Ferreira Vieira,54,MID,Arsenal,Fulham,Arsenal
4,5,21,Fulham,0,True,2023-08-26T14:00:00Z,2.0,2.0,3,0,0,0,0,0,0,0,0,0,0,0,0,0,0.0,0.0,0.0,0.0,0,0.00,0.00,0.00,0.00,49,-621417,2040170,36142,657559,5,Gabriel dos Santos Magalhães,48,DEF,Arsenal,Fulham,Arsenal
5,6,21,Fulham,1,True,2023-08-26T14:00:00Z,2.0,2.0,3,55,0,0,0,1,0,0,0,0,0,0,0,2,5.4,23.6,13.0,4.2,1,0.27,0.14,0.41,0.29,74,-76821,308042,5577,82398,6,Kai Havertz,73,MID,Arsenal,Fulham,Arsenal
6,7,21,Fulham,0,True,2023-08-26T14:00:00Z,2.0,2.0,3,0,0,0,0,0,0,0,0,0,0,0,0,0,0.0,0.0,0.0,0.0,0,0.00,0.00,0.00,0.00,45,-1586,16044,517,2103,7,Rob Holding,44,DEF,Arsenal,Fulham,Arsenal
7,8,21,Fulham,1,True,2023-08-26T14:00:00Z,2.0,2.0,3,1,0,0,0,0,0,0,0,0,0,0,0,1,3.0,0.3,35.0,3.8,0,0.14,0.01,0.15,0.12,79,-20602,114556,8903,29505,8,Gabriel Fernando de Jesus,79,FWD,Arsenal,Fulham,Arsenal
8,9,21,Fulham,1,True,2023-08-26T14:00:00Z,2.0,2.0,3,6,0,0,0,1,0,0,0,0,0,0,0,4,4.2,6.7,0.0,1.1,0,0.00,0.03,0.03,0.25,55,-1887,19366,652,2539,9,Jorge Luiz Frello Filho,54,MID,Arsenal,Fulham,Arsenal
9,10,21,Fulham,1,True,2023-08-26T14:00:00Z,2.0,2.0,3,90,0,0,0,2,0,0,0,0,0,0,0,11,16.0,4.7,14.0,3.5,1,0.32,0.03,0.35,0.53,44,-758,9160,332,1090,10,Jakub Kiwior,44,DEF,Arsenal,Fulham,Arsenal
10,11,21,Fulham,0,True,2023-08-26T14:00:00Z,2.0,2.0,3,0,0,0,0,0,0,0,0,0,0,0,0,0,0.0,0.0,0.0,0.0,0,0.00,0.00,0.00,0.00,45,-2907,8103,0,2907,11,Marcus Oliveira Alencar,45,MID,Arsenal,Fulham,Arsenal
11,12,21,Fulham,2,True,2023-08-26T14:00:00Z,2.0,2.0,3,90,0,0,0,2,0,0,0,0,0,0,0,12,12.2,8.3,75.0,9.6,1,0.54,0.11,0.65,0.53,80,-55951,1386937,71354,127305,12,Gabriel Martinelli Silva,79,MID,Arsenal,Fulham,Arsenal
12,13,21,Fulham,5,True,2023-08-26T14:00:00Z,2.0,2.0,3,45,1,0,0,1,0,0,0,0,0,0,0,24,28.6,7.1,33.0,6.9,0,0.43,0.10,0.53,0.25,56,121675,639022,183104,61429,13,Eddie Nketiah,56,FWD,Arsenal,Fulham,Arsenal
13,14,21,Fulham,2,True,2023-08-26T14:00:00Z,2.0,2.0,3,83,0,0,0,1,0,0,0,0,0,0,0,10,11.8,12.4,24.0,4.8,1,0.11,0.14,0.25,0.29,85,68376,2222102,166740,98364,14,Martin Ødegaard,85,MID,Arsenal,Fulham,Arsenal
14,15,21,Fulham,1,True,2023-08-26T14:00:00Z,2.0,2.0,3,55,0,0,0,1,0,0,0,0,0,0,0,16,11.0,6.5,0.0,1.8,1,0.00,0.08,0.08,0.29,50,-3509,35427,2082,5591,15,Thomas Partey,49,MID,Arsenal,Fulham,Arsenal
15,16,21,Fulham,0,True,2023-08-26T14:00:00Z,2.0,2.0,3,0,0,0,0,0,0,0,0,0,0,0,0,0,0.0,0.0,0.0,0.0,0,0.00,0.00,0.00,0.00,49,-861,7541,151,1012,16,Nicolas Pépé,49,MID,Arsenal,Fulham,Arsenal
16,17,21,Fulham,1,True,2023-08-26T14:00:00Z,2.0,2.0,3,90,0,0,0,2,0,0,0,0,0,1,0,10,12.2,0.0,0.0,1.2,1,0.00,0.00,0.00,0.53,50,-23232,1657162,53491,76723,17,Aaron Ramsdale,50,GKP,Arsenal,Fulham,Arsenal
17,18,21,Fulham,0,True,2023-08-26T14:00:00Z,2.0,2.0,3,0,0,0,0,0,0,0,0,0,0,0,0,0,0.0,0.0,0.0,0.0,0,0.00,0.00,0.00,0.00,40,-2393,15104,96,2489,18,Rúnar Alex Rúnarsson,40,GKP,Arsenal,Fulham,Arsenal
18,19,21,Fulham,8,True,2023-08-26T14:00:00Z,2.0,2.0,3,90,1,0,0,2,0,0,0,0,0,0,1,26,51.0,63.2,65.0,17.9,1,1.36,1.08,2.44,0.53,86,123264,6259148,208193,84929,19,Bukayo Saka,87,MID,Arsenal,Fulham,Arsenal
19,20,21,Fulham,1,True,2023-08-26T14:00:00Z,2.0,2.0,3,90,0,0,0,2,0,0,0,0,0,0,0,14,17.6,14.5,7.0,3.9,1,0.04,0.03,0.07,0.53,52,460200,2652845,511623,51423,20,William Saliba,52,DEF,Arsenal,Fulham,Arsenal
20,21,21,Fulham,0,True,2023-08-26T14:00:00Z,2.0,2.0,3,0,0,0,0,0,0,0,0,0,0,0,0,0,0.0,0.0,0.0,0.0,0,0.00,0.00,0.00,0.00,49,-202,1931,40,242,21,Albert Sambi Lokonga,49,MID,Arsenal,Fulham,Arsenal
21,22,21,Fulham,0,True,2023-08-26T14:00:00Z,2.0,2.0,3,0,0,0,0,0,0,0,0,0,0,0,0,0,0.0,0.0,0.0,0.0,0,0.00,0.00,0.00,0.00,54,-2033,13797,387,2420,22,Emile Smith Rowe,54,MID,Arsenal,Fulham,Arsenal
22,24,21,Fulham,0,True,2023-08-26T14:00:00Z,2.0,2.0,3,0,0,0,0,0,0,0,0,0,0,0,0,0,0.0,0.0,0.0,0.0,0,0.00,0.00,0.00,0.00,44,-3450,28194,823,4273,24,Kieran Tierney,44,DEF,Arsenal,Fulham,Arsenal
23,25,21,Fulham,0,True,2023-08-26T14:00:00Z,2.0,2.0,3,0,0,0,0,0,0,0,0,0,0,0,0,0,0.0,0.0,0.0,0.0,0,0.00,0.00,0.00,0.00,45,-5126,20667,1387,6513,25,Takehiro Tomiyasu,45,DEF,Arsenal,Fulham,Arsenal
24,26,21,Fulham,1,True,2023-08-26T14:00:00Z,2.0,2.0,3,45,0,0,0,1,0,0,0,0,0,0,0,10,9.4,43.9,10.0,6.3,1,0.00,0.68,0.68,0.29,68,-126915,293748,4237,131152,26,Leandro Trossard,67,MID,Arsenal,Fulham,Arsenal
25,29,21,Fulham,1,True,2023-08-26T14:00:00Z,2.0,2.0,3,90,0,0,0,2,0,0,0,0,0,0,0,18,20.6,32.4,4.0,5.7,1,0.00,0.10,0.10,0.53,55,18413,895528,67894,49481,29,Benjamin White,55,DEF,Arsenal,Fulham,Arsenal
26,30,21,Fulham,0,True,2023-08-26T14:00:00Z,2.0,2.0,3,0,0,0,0,0,0,0,0,0,0,0,0,0,0.0,0.0,0.0,0.0,0,0.00,0.00,0.00,0.00,60,-251,1263,0,251,30,Granit Xhaka,60,MID,Arsenal,Fulham,Arsenal
27,31,21,Fulham,1,True,2023-08-26T14:00:00Z,2.0,2.0,3,34,0,0,0,1,0,0,0,0,0,0,0,11,7.2,23.4,4.0,3.5,0,0.00,0.03,0.03,0.25,49,-45395,501796,25463,70858,31,Oleksandr Zinchenko,49,DEF,Arsenal,Fulham,Arsenal
28,113,21,Fulham,0,True,2023-08-26T14:00:00Z,2.0,2.0,3,0,0,0,0,0,0,0,0,0,0,0,0,0,0.0,0.0,0.0,0.0,0,0.00,0.00,0.00,0.00,49,-93015,301218,2180,95195,113,David Raya Martin,48,GKP,Arsenal,Fulham,Arsenal
29,540,21,Fulham,2,True,2023-08-26T14:00:00Z,2.0,2.0,3,90,0,0,0,2,0,0,0,0,0,0,0,20,20.8,6.8,0.0,2.8,1,0.00,0.07,0.07,0.42,55,-49957,520310,16927,66884,540,Declan Rice,54,MID,Arsenal,Fulham,Arsenal
30,578,21,Fulham,0,True,2023-08-26T14:00:00Z,2.0,2.0,3,0,0,0,0,0,0,0,0,0,0,0,0,0,0.0,0.0,0.0,0.0,0,0.00,0.00,0.00,0.00,50,-327,3004,139,466,578,Reiss Nelson,49,MID,Arsenal,Fulham,Arsenal
31,585,21,Fulham,0,True,2023-08-26T14:00:00Z,2.0,2.0,3,0,0,0,0,0,0,0,0,0,0,0,0,0,0.0,0.0,0.0,0.0,0,0.00,0.00,0.00,0.00,48,-104134,119135,290,104424,585,Jurriën Timber,47,DEF,Arsenal,Fulham,Arsenal
32,646,21,Fulham,0,True,2023-08-26T14:00:00Z,2.0,2.0,3,0,0,0,0,0,0,0,0,0,0,0,0,0,0.0,0.0,0.0,0.0,0,0.00,0.00,0.00,0.00,40,258,2167,396,138,646,Karl Hein,40,GKP,Arsenal,Fulham,Arsenal
33,32,25,Burnley,0,False,2023-08-27T13:00:00Z,1.0,3.0,3,0,0,0,0,0,0,0,0,0,0,0,0,0,0.0,0.0,0.0,0.0,0,0.00,0.00,0.00,0.00,50,-460,3636,182,642,32,Alexandre Moreno Lopera,50,DEF,Burnley,Aston Villa,Aston Villa
34,34,25,Burnley,0,False,2023-08-27T13:00:00Z,1.0,3.0,3,0,0,0,0,0,0,0,0,0,0,0,0,0,0.0,0.0,0.0,0.0,0,0.00,0.00,0.00,0.00,55,114802,203866,132289,17487,34,Leon Bailey,55,MID,Burnley,Aston Villa,Aston Villa
35,35,25,Burnley,0,False,2023-08-27T13:00:00Z,1.0,3.0,3,0,0,0,0,0,0,0,0,0,0,0,0,0,0.0,0.0,0.0,0.0,0,0.00,0.00,0.00,0.00,59,-3228,6791,86,3314,35,Emiliano Buendía Stati,58,MID,Burnley,Aston Villa,Aston Villa
36,36,25,Burnley,17,False,2023-08-27T13:00:00Z,1.0,3.0,3,90,2,0,0,1,0,0,0,0,0,0,3,45,80.6,3.7,81.0,16.5,1,1.35,0.02,1.37,0.73,45,22772,738209,67447,44675,36,Matty Cash,46,DEF,Burnley,Aston Villa,Aston Villa
37,37,25,Burnley,0,False,2023-08-27T13:00:00Z,1.0,3.0,3,0,0,0,0,0,0,0,0,0,0,0,0,0,0.0,0.0,0.0,0.0,0,0.00,0.00,0.00,0.00,40,-6187,121502,4239,10426,37,Calum Chambers,40,DEF,Burnley,Aston Villa,Aston Villa
38,38,25,Burnley,0,False,2023-08-27T13:00:00Z,1.0,3.0,3,0,0,0,0,0,0,0,0,0,0,0,0,0,0.0,0.0,0.0,0.0,0,0.00,0.00,0.00,0.00,59,-15432,39023,1216,16648,38,Philippe Coutinho Correia,59,MID,Burnley,Aston Villa,Aston Villa
39,40,25,Burnley,0,False,2023-08-27T13:00:00Z,1.0,3.0,3,0,0,0,0,0,0,0,0,0,0,0,0,0,0.0,0.0,0.0,0.0,0,0.00,0.00,0.00,0.00,49,-340,1383,21,361,40,Leander Dendoncker,49,MID,Burnley,Aston Villa,Aston Villa
40,41,25,Burnley,2,False,2023-08-27T13:00:00Z,1.0,3.0,3,90,0,0,0,1,0,0,0,0,0,0,0,10,14.4,0.7,8.0,2.3,1,0.10,0.01,0.11,0.73,45,-2464,44528,2472,4936,41,Diego Carlos Santos Silva,45,DEF,Burnley,Aston Villa,Aston Villa
41,42,25,Burnley,5,False,2023-08-27T13:00:00Z,1.0,3.0,3,80,0,1,0,1,0,0,0,0,0,0,0,17,21.8,22.5,10.0,5.4,1,0.00,0.08,0.08,0.28,45,118092,257804,135008,16916,42,Lucas Digne,45,DEF,Burnley,Aston Villa,Aston Villa
42,43,25,Burnley,2,False,2023-08-27T13:00:00Z,1.0,3.0,3,85,0,0,0,1,0,0,0,0,0,0,0,12,11.4,33.9,0.0,4.5,1,0.00,0.13,0.13,0.39,55,-11185,227643,11671,22856,43,Douglas Luiz Soares de Paulo,54,MID,Burnley,Aston Villa,Aston Villa
43,44,25,Burnley,1,False,2023-08-27T13:00:00Z,1.0,3.0,3,4,0,0,0,0,0,0,0,0,0,0,0,3,0.0,0.0,2.0,0.2,0,0.00,0.00,0.00,0.33,50,5987,11960,7315,1328,44,Jhon Durán,50,FWD,Burnley,Aston Villa,Aston Villa
44,45,25,Burnley,0,False,2023-08-27T13:00:00Z,1.0,3.0,3,0,0,0,0,0,0,0,0,0,0,0,0,0,0.0,0.0,0.0,0.0,0,0.00,0.00,0.00,0.00,40,-992,19092,793,1785,45,Kortney Hause,40,DEF,Burnley,Aston Villa,Aston Villa
45,46,25,Burnley,0,False,2023-08-27T13:00:00Z,1.0,3.0,3,0,0,0,0,0,0,0,0,0,0,0,0,0,0.0,0.0,0.0,0.0,0,0.00,0.00,0.00,0.00,45,-561,2585,35,596,46,Tim Iroegbunam,44,MID,Burnley,Aston Villa,Aston Villa
46,47,25,Burnley,3,False,2023-08-27T13:00:00Z,1.0,3.0,3,90,0,0,0,1,0,0,0,0,0,0,1,23,18.2,22.9,0.0,4.1,1,0.00,0.03,0.03,0.73,50,-325,10304,1139,1464,47,Boubacar Kamara,50,MID,Burnley,Aston Villa,Aston Villa
47,48,25,Burnley,2,False,2023-08-27T13:00:00Z,1.0,3.0,3,90,0,0,0,1,0,0,0,0,0,0,0,12,15.6,1.5,0.0,1.7,1,0.00,0.01,0.01,0.73,45,-1412,107133,4559,5971,48,Ezri Konsa Ngoyo,45,DEF,Burnley,Aston Villa,Aston Villa
48,49,25,Burnley,0,False,2023-08-27T13:00:00Z,1.0,3.0,3,0,0,0,0,0,0,0,0,0,0,0,0,0,0.0,0.0,0.0,0.0,0,0.00,0.00,0.00,0.00,50,2031,752076,46157,44126,49,Emiliano Martínez Romero,50,GKP,Burnley,Aston Villa,Aston Villa
49,50,25,Burnley,2,False,2023-08-27T13:00:00Z,1.0,3.0,3,90,0,0,0,1,0,0,0,0,0,0,0,18,7.8,26.7,4.0,3.9,1,0.00,0.15,0.15,0.73,55,10908,59654,14989,4081,50,John McGinn,55,MID,Burnley,Aston Villa,Aston Villa
50,51,25,Burnley,0,False,2023-08-27T13:00:00Z,1.0,3.0,3,0,0,0,0,0,0,0,0,0,0,0,0,0,0.0,0.0,0.0,0.0,0,0.00,0.00,0.00,0.00,44,-224657,451552,638,225295,51,Tyrone Mings,43,DEF,Burnley,Aston Villa,Aston Villa
51,53,25,Burnley,2,False,2023-08-27T13:00:00Z,1.0,3.0,3,90,0,0,0,1,0,0,0,0,0,1,0,12,12.0,0.0,0.0,1.2,1,0.00,0.00,0.00,0.73,40,-2825,80599,1531,4356,53,Robin Olsen,40,GKP,Burnley,Aston Villa,Aston Villa
52,54,25,Burnley,0,False,2023-08-27T13:00:00Z,1.0,3.0,3,0,0,0,0,0,0,0,0,0,0,0,0,0,0.0,0.0,0.0,0.0,0,0.00,0.00,0.00,0.00,45,-1948,14680,894,2842,54,Jaden Philogene-Bidace,45,MID,Burnley,Aston Villa,Aston Villa
53,55,25,Burnley,0,False,2023-08-27T13:00:00Z,1.0,3.0,3,0,0,0,0,0,0,0,0,0,0,0,0,0,0.0,0.0,0.0,0.0,0,0.00,0.00,0.00,0.00,59,-1933,8029,80,2013,55,Jacob Ramsey,59,MID,Burnley,Aston Villa,Aston Villa
54,56,25,Burnley,0,False,2023-08-27T13:00:00Z,1.0,3.0,3,0,0,0,0,0,0,0,0,0,0,0,0,0,0.0,0.0,0.0,0.0,0,0.00,0.00,0.00,0.00,45,-117,648,0,117,56,Morgan Sanson,45,MID,Burnley,Aston Villa,Aston Villa
55,57,25,Burnley,0,False,2023-08-27T13:00:00Z,1.0,3.0,3,0,0,0,0,0,0,0,0,0,0,0,0,0,0.0,0.0,0.0,0.0,0,0.00,0.00,0.00,0.00,40,-46,582,0,46,57,Viljami Sinisalo,40,GKP,Burnley,Aston Villa,Aston Villa
56,58,25,Burnley,1,False,2023-08-27T13:00:00Z,1.0,3.0,3,4,0,0,0,0,0,0,0,0,0,0,0,3,0.0,0.0,0.0,0.0,0,0.00,0.00,0.00,0.33,59,-16380,83838,2353,18733,58,Youri Tielemans,58,MID,Burnley,Aston Villa,Aston Villa
57,59,25,Burnley,1,False,2023-08-27T13:00:00Z,1.0,3.0,3,9,0,0,0,0,0,0,0,0,0,0,0,3,0.0,0.0,0.0,0.0,0,0.00,0.00,0.00,0.45,50,-160,1699,120,280,59,Bertrand Traoré,50,MID,Burnley,Aston Villa,Aston Villa
58,60,25,Burnley,5,False,2023-08-27T13:00:00Z,1.0,3.0,3,85,0,1,0,1,0,0,0,0,0,0,0,8,20.8,24.8,65.0,11.1,1,0.78,0.01,0.79,0.39,80,-49457,2286440,158524,207981,60,Ollie Watkins,80,FWD,Burnley,Aston Villa,Aston Villa
59,61,25,Burnley,0,False,2023-08-27T13:00:00Z,1.0,3.0,3,0,0,0,0,0,0,0,0,0,0,0,0,0,0.0,0.0,0.0,0.0,0,0.00,0.00,0.00,0.00,50,-130,789,0,130,61,Wesley Moraes Ferreira da Silva,50,FWD,Burnley,Aston Villa,Aston Villa
60,584,25,Burnley,2,False,2023-08-27T13:00:00Z,1.0,3.0,3,90,0,0,0,1,0,0,0,0,0,0,0,18,11.0,0.8,0.0,1.2,1,0.00,0.01,0.01,0.73,45,-33,246178,13126,13159,584,Pau Torres,45,DEF,Burnley,Aston Villa,Aston Villa
61,599,25,Burnley,12,False,2023-08-27T13:00:00Z,1.0,3.0,3,72,1,1,0,1,0,0,0,0,0,0,2,42,55.8,26.8,18.0,10.1,1,0.18,0.10,0.28,0.28,66,-7930,826851,84042,91972,599,Moussa Diaby,66,MID,Burnley,Aston Villa,Aston Villa
62,618,25,Burnley,0,False,2023-08-27T13:00:00Z,1.0,3.0,3,0,0,0,0,0,0,0,0,0,0,0,0,0,0.0,0.0,0.0,0.0,0,0.00,0.00,0.00,0.00,45,-342,3867,251,593,618,Omari Kellyman,45,MID,Burnley,Aston Villa,Aston Villa
63,670,37,Liverpool,0,False,2023-09-03T13:00:00Z,1.0,0.0,4,0,0,0,0,0,0,0,0,0,0,0,0,0,0.0,0.0,0.0,0.0,0,0.00,0.00,0.00,0.00,40,146,1035,223,77,670,Filip Marschall,40,GKP,Burnley,Aston Villa,Aston Villa
64,62,22,Spurs,1,True,2023-08-26T11:30:00Z,0.0,2.0,3,30,0,0,0,1,0,0,0,0,0,0,0,2,3.0,1.6,12.0,1.7,0,0.07,0.02,0.09,0.72,50,-1414,12492,493,1907,62,Jaidon Anthony,49,MID,Bournemouth,Spurs,Bournemouth
65,63,22,Spurs,2,True,2023-08-26T11:30:00Z,0.0,2.0,3,85,0,0,0,2,0,0,0,0,0,0,0,7,14.0,31.4,36.0,8.1,1,0.29,0.03,0.32,1.83,54,-8581,55664,2844,11425,63,Philip Billing,54,MID,Bournemouth,Spurs,Bournemouth
66,64,22,Spurs,1,True,2023-08-26T11:30:00Z,0.0,2.0,3,17,0,0,0,0,0,0,0,0,0,0,0,5,2.2,1.4,2.0,0.6,0,0.00,0.01,0.01,0.28,50,-1505,8242,243,1748,64,David Brooks,49,MID,Bournemouth,Spurs,Bournemouth
67,65,22,Spurs,1,True,2023-08-26T11:30:00Z,0.0,2.0,3,59,0,0,0,1,0,0,0,0,0,0,0,4,7.0,20.6,9.0,3.7,1,0.02,0.15,0.17,1.34,50,31,2305,369,338,65,Ryan Christie,50,MID,Bournemouth,Spurs,Bournemouth
68,66,22,Spurs,1,True,2023-08-26T11:30:00Z,0.0,2.0,3,45,0,0,0,1,0,0,0,0,0,0,0,5,11.6,1.4,1.0,1.4,0,0.03,0.01,0.04,0.72,50,-426,1577,14,440,66,Lewis Cook,50,MID,Bournemouth,Spurs,Bournemouth
69,67,22,Spurs,0,True,2023-08-26T11:30:00Z,0.0,2.0,3,0,0,0,0,0,0,0,0,0,0,0,0,0,0.0,0.0,0.0,0.0,0,0.00,0.00,0.00,0.00,45,-83,432,0,83,67,Siriki Dembélé,45,MID,Bournemouth,Spurs,Bournemouth
70,68,22,Spurs,0,True,2023-08-26T11:30:00Z,0.0,2.0,3,0,0,0,0,0,0,0,0,0,0,0,0,0,0.0,0.0,0.0,0.0,0,0.00,0.00,0.00,0.00,45,-282,1663,59,341,68,Ryan Fredericks,44,DEF,Bournemouth,Spurs,Bournemouth
71,69,22,Spurs,0,True,2023-08-26T11:30:00Z,0.0,2.0,3,0,0,0,0,0,0,0,0,0,0,0,0,0,0.0,0.0,0.0,0.0,0,0.00,0.00,0.00,0.00,40,-106,27403,2474,2580,69,James Hill,40,DEF,Bournemouth,Spurs,Bournemouth
72,70,22,Spurs,0,True,2023-08-26T11:30:00Z,0.0,2.0,3,90,0,0,0,2,0,0,0,1,0,0,0,9,7.4,1.0,2.0,1.0,1,0.00,0.01,0.01,2.06,45,101,1609,213,112,70,Lloyd Kelly,45,DEF,Bournemouth,Spurs,Bournemouth
73,71,22,Spurs,0,True,2023-08-26T11:30:00Z,0.0,2.0,3,0,0,0,0,0,0,0,0,0,0,0,0,0,0.0,0.0,0.0,0.0,0,0.00,0.00,0.00,0.00,45,-822,6635,157,979,71,Gavin Kilkenny,44,MID,Bournemouth,Spurs,Bournemouth
74,72,22,Spurs,1,True,2023-08-26T11:30:00Z,0.0,2.0,3,59,0,0,0,1,0,0,0,0,0,0,0,0,3.4,12.3,7.0,2.3,1,0.03,0.02,0.05,1.34,49,-7414,33348,764,8178,72,Justin Kluivert,48,MID,Bournemouth,Spurs,Bournemouth
75,73,22,Spurs,0,True,2023-08-26T11:30:00Z,0.0,2.0,3,0,0,0,0,0,0,0,0,0,0,0,0,0,0.0,0.0,0.0,0.0,0,0.00,0.00,0.00,0.00,49,-219,1551,23,242,73,Jamal Lowe,49,MID,Bournemouth,Spurs,Bournemouth
76,74,22,Spurs,0,True,2023-08-26T11:30:00Z,0.0,2.0,3,0,0,0,0,0,0,0,0,0,0,0,0,0,0.0,0.0,0.0,0.0,0,0.00,0.00,0.00,0.00,45,-829,2684,34,863,74,Emiliano Marcondes,44,MID,Bournemouth,Spurs,Bournemouth
77,75,22,Spurs,0,True,2023-08-26T11:30:00Z,0.0,2.0,3,0,0,0,0,0,0,0,0,0,0,0,0,0,0.0,0.0,0.0,0.0,0,0.00,0.00,0.00,0.00,44,-689,7095,252,941,75,Chris Mepham,44,DEF,Bournemouth,Spurs,Bournemouth
78,76,22,Spurs,1,True,2023-08-26T11:30:00Z,0.0,2.0,3,4,0,0,0,0,0,0,0,0,0,0,0,3,0.4,1.4,2.0,0.4,0,0.00,0.01,0.01,0.23,49,-5241,35548,1114,6355,76,Kieffer Moore,49,FWD,Bournemouth,Spurs,Bournemouth
79,77,22,Spurs,2,True,2023-08-26T11:30:00Z,0.0,2.0,3,90,0,0,0,2,0,0,0,0,0,4,0,15,24.8,0.0,0.0,2.5,1,0.00,0.00,0.00,2.06,45,15452,94977,21388,5936,77,Norberto Murara Neto,45,GKP,Bournemouth,Spurs,Bournemouth
80,78,22,Spurs,0,True,2023-08-26T11:30:00Z,0.0,2.0,3,0,0,0,0,0,0,0,0,0,0,0,0,0,0.0,0.0,0.0,0.0,0,0.00,0.00,0.00,0.00,49,-993,2219,23,1016,78,Dango Ouattara,49,MID,Bournemouth,Spurs,Bournemouth
81,79,22,Spurs,0,True,2023-08-26T11:30:00Z,0.0,2.0,3,0,0,0,0,0,0,0,0,0,0,0,0,0,0.0,0.0,0.0,0.0,0,0.00,0.00,0.00,0.00,45,-22,129,0,22,79,Ben Pearson,45,MID,Bournemouth,Spurs,Bournemouth
82,80,22,Spurs,0,True,2023-08-26T11:30:00Z,0.0,2.0,3,0,0,0,0,0,0,0,0,0,0,0,0,0,0.0,0.0,0.0,0.0,0,0.00,0.00,0.00,0.00,40,-1587,56479,876,2463,80,Darren Randolph,40,GKP,Bournemouth,Spurs,Bournemouth
83,81,22,Spurs,1,True,2023-08-26T11:30:00Z,0.0,2.0,3,45,0,0,0,1,0,0,0,0,0,0,0,4,3.6,1.6,2.0,0.7,1,0.00,0.02,0.02,1.34,50,-100,1946,128,228,81,Joe Rothwell,50,MID,Bournemouth,Spurs,Bournemouth
84,82,22,Spurs,2,True,2023-08-26T11:30:00Z,0.0,2.0,3,72,0,0,0,2,0,0,0,0,0,0,0,-4,0.0,2.2,10.0,1.1,1,0.17,0.02,0.19,1.78,45,101529,246922,131178,29649,82,Antoine Semenyo,45,FWD,Bournemouth,Spurs,Bournemouth
85,83,22,Spurs,0,True,2023-08-26T11:30:00Z,0.0,2.0,3,0,0,0,0,0,0,0,0,0,0,0,0,0,0.0,0.0,0.0,0.0,0,0.00,0.00,0.00,0.00,44,78,14511,1773,1695,83,Marcos Senesi,44,DEF,Bournemouth,Spurs,Bournemouth
86,84,22,Spurs,0,True,2023-08-26T11:30:00Z,0.0,2.0,3,0,0,0,0,0,0,0,0,0,0,0,0,0,0.0,0.0,0.0,0.0,0,0.00,0.00,0.00,0.00,44,-365,1663,31,396,84,Adam Smith,44,DEF,Bournemouth,Spurs,Bournemouth
87,85,22,Spurs,2,True,2023-08-26T11:30:00Z,0.0,2.0,3,90,0,0,0,2,0,0,0,0,0,0,0,3,3.6,11.3,8.0,2.3,1,0.07,0.04,0.11,2.06,65,1799,271016,25128,23329,85,Dominic Solanke,65,FWD,Bournemouth,Spurs,Bournemouth
88,86,22,Spurs,0,True,2023-08-26T11:30:00Z,0.0,2.0,3,0,0,0,0,0,0,0,0,0,0,0,0,0,0.0,0.0,0.0,0.0,0,0.00,0.00,0.00,0.00,54,-369,1579,39,408,86,Marcus Tavernier,54,MID,Bournemouth,Spurs,Bournemouth
89,87,22,Spurs,1,True,2023-08-26T11:30:00Z,0.0,2.0,3,30,0,0,0,1,0,0,0,0,0,0,0,0,2.8,14.1,2.0,1.9,0,0.00,0.01,0.01,0.72,49,-167,2070,126,293,87,Hamed Traorè,49,MID,Bournemouth,Spurs,Bournemouth
90,88,22,Spurs,0,True,2023-08-26T11:30:00Z,0.0,2.0,3,0,0,0,0,0,0,0,0,0,0,0,0,0,0.0,0.0,0.0,0.0,0,0.00,0.00,0.00,0.00,40,-1228,14021,0,1228,88,Mark Travers,40,GKP,Bournemouth,Spurs,Bournemouth
91,89,22,Spurs,1,True,2023-08-26T11:30:00Z,0.0,2.0,3,90,0,0,0,2,0,0,0,0,0,0,0,18,19.2,1.4,2.0,2.3,1,0.00,0.02,0.02,2.06,45,-20,9650,1123,1143,89,Illia Zabarnyi,45,DEF,Bournemouth,Spurs,Bournemouth
92,595,22,Spurs,1,True,2023-08-26T11:30:00Z,0.0,2.0,3,90,0,0,0,2,0,0,0,0,0,0,0,11,17.8,2.8,4.0,2.5,1,0.00,0.02,0.02,2.06,45,-446,22689,1490,1936,595,Milos Kerkez,45,DEF,Bournemouth,Spurs,Bournemouth
93,607,22,Spurs,0,True,2023-08-26T11:30:00Z,0.0,2.0,3,0,0,0,0,0,0,0,0,0,0,0,0,0,0.0,0.0,0.0,0.0,0,0.00,0.00,0.00,0.00,45,-634,9876,105,739,607,Ionuț Radu,45,GKP,Bournemouth,Spurs,Bournemouth
94,619,22,Spurs,0,True,2023-08-26T11:30:00Z,0.0,2.0,3,0,0,0,0,0,0,0,0,0,0,0,0,0,0.0,0.0,0.0,0.0,0,0.00,0.00,0.00,0.00,40,-357,14578,1098,1455,619,Ben Greenwood,40,DEF,Bournemouth,Spurs,Bournemouth
95,643,22,Spurs,1,True,2023-08-26T11:30:00Z,0.0,2.0,3,90,0,0,0,2,0,0,0,0,0,0,0,14,16.0,19.0,0.0,3.5,1,0.00,0.07,0.07,2.06,45,932,16088,2684,1752,643,Max Aarons,45,DEF,Bournemouth,Spurs,Bournemouth
96,644,22,Spurs,0,True,2023-08-26T11:30:00Z,0.0,2.0,3,0,0,0,0,0,0,0,0,0,0,0,0,0,0.0,0.0,0.0,0.0,0,0.00,0.00,0.00,0.00,50,-216,890,57,273,644,Alex Scott,50,MID,Bournemouth,Spurs,Bournemouth
97,90,23,Crystal Palace,0,True,2023-08-26T14:00:00Z,1.0,1.0,3,0,0,0,0,0,0,0,0,0,0,0,0,0,0.0,0.0,0.0,0.0,0,0.00,0.00,0.00,0.00,45,792,32357,3444,2652,90,Kristoffer Ajer,45,DEF,Brentford,Crystal Palace,Brentford
98,91,23,Crystal Palace,0,True,2023-08-26T14:00:00Z,1.0,1.0,3,0,0,0,0,0,0,0,0,0,0,0,0,0,0.0,0.0,0.0,0.0,0,0.00,0.00,0.00,0.00,40,-1109,23291,454,1563,91,Ellery Balcombe,40,GKP,Brentford,Crystal Palace,Brentford
99,92,23,Crystal Palace,0,True,2023-08-26T14:00:00Z,1.0,1.0,3,0,0,0,0,0,0,0,0,0,0,0,0,0,0.0,0.0,0.0,0.0,0,0.00,0.00,0.00,0.00,45,-47736,234868,2511,50247,92,Shandon Baptiste,44,MID,Brentford,Crystal Palace,Brentford
100,93,23,Crystal Palace,0,True,2023-08-26T14:00:00Z,1.0,1.0,3,0,0,0,0,0,0,0,0,0,0,0,0,0,0.0,0.0,0.0,0.0,0,0.00,0.00,0.00,0.00,40,-1073,18906,856,1929,93,Mads Bech Sørensen,40,DEF,Brentford,Crystal Palace,Brentford
101,94,23,Crystal Palace,0,True,2023-08-26T14:00:00Z,1.0,1.0,3,0,0,0,0,0,0,0,0,0,0,0,0,0,0.0,0.0,0.0,0.0,0,0.00,0.00,0.00,0.00,45,-27,176,0,27,94,Mads Bidstrup,45,MID,Brentford,Crystal Palace,Brentford
102,95,23,Crystal Palace,0,True,2023-08-26T14:00:00Z,1.0,1.0,3,0,0,0,0,0,0,0,0,0,0,0,0,0,0.0,0.0,0.0,0.0,0,0.00,0.00,0.00,0.00,50,-1370,2771,34,1404,95,Sergi Canós Tenés,50,MID,Brentford,Crystal Palace,Brentford
103,96,23,Crystal Palace,2,True,2023-08-26T14:00:00Z,1.0,1.0,3,90,0,0,0,1,0,0,0,0,0,0,0,12,8.8,1.1,8.0,1.8,1,0.05,0.07,0.12,0.80,45,4828,34518,6754,1926,96,Nathan Collins,45,DEF,Brentford,Crystal Palace,Brentford
104,97,23,Crystal Palace,0,True,2023-08-26T14:00:00Z,1.0,1.0,3,0,0,0,0,0,0,0,0,0,0,0,0,0,0.0,0.0,0.0,0.0,0,0.00,0.00,0.00,0.00,40,-73,836,0,73,97,Matthew Cox,40,GKP,Brentford,Crystal Palace,Brentford
105,98,23,Crystal Palace,0,True,2023-08-26T14:00:00Z,1.0,1.0,3,0,0,0,0,0,0,0,0,0,0,0,0,0,0.0,0.0,0.0,0.0,0,0.00,0.00,0.00,0.00,50,-1568,9950,339,1907,98,Mikkel Damsgaard,49,MID,Brentford,Crystal Palace,Brentford
106,99,23,Crystal Palace,0,True,2023-08-26T14:00:00Z,1.0,1.0,3,0,0,0,0,0,0,0,0,0,0,0,0,0,0.0,0.0,0.0,0.0,0,0.00,0.00,0.00,0.00,49,-3152,7864,75,3227,99,Josh Dasilva,49,MID,Brentford,Crystal Palace,Brentford
107,100,23,Crystal Palace,0,True,2023-08-26T14:00:00Z,1.0,1.0,3,0,0,0,0,0,0,0,0,0,0,0,0,0,0.0,0.0,0.0,0.0,0,0.00,0.00,0.00,0.00,45,-152,1004,0,152,100,Halil Dervişoğlu,45,FWD,Brentford,Crystal Palace,Brentford
108,101,23,Crystal Palace,4,True,2023-08-26T14:00:00Z,1.0,1.0,3,90,0,0,0,1,0,0,0,0,0,4,1,22,32.0,0.0,0.0,3.2,1,0.00,0.00,0.00,0.80,45,32134,221996,48159,16025,101,Mark Flekken,45,GKP,Brentford,Crystal Palace,Brentford
109,102,23,Crystal Palace,0,True,2023-08-26T14:00:00Z,1.0,1.0,3,0,0,0,0,0,0,0,0,0,0,0,0,0,0.0,0.0,0.0,0.0,0,0.00,0.00,0.00,0.00,40,-941,14029,436,1377,102,Charlie Goode,40,DEF,Brentford,Crystal Palace,Brentford
110,103,23,Crystal Palace,2,True,2023-08-26T14:00:00Z,1.0,1.0,3,90,0,0,0,1,0,0,0,0,0,0,0,14,24.8,16.2,6.0,4.7,1,0.05,0.04,0.09,0.80,46,200548,609606,233325,32777,103,Rico Henry,46,DEF,Brentford,Crystal Palace,Brentford
111,104,23,Crystal Palace,2,True,2023-08-26T14:00:00Z,1.0,1.0,3,90,0,0,0,1,0,0,0,0,0,0,0,13,12.4,3.8,2.0,1.8,1,0.00,0.01,0.01,0.80,45,1008,30986,2541,1533,104,Aaron Hickey,45,DEF,Brentford,Crystal Palace,Brentford
112,105,23,Crystal Palace,2,True,2023-08-26T14:00:00Z,1.0,1.0,3,90,0,0,0,1,0,0,0,0,0,0,0,4,5.2,2.3,5.0,1.3,1,0.04,0.02,0.06,0.80,55,-595,7694,542,1137,105,Vitaly Janelt,55,MID,Brentford,Crystal Palace,Brentford
113,106,23,Crystal Palace,3,True,2023-08-26T14:00:00Z,1.0,1.0,3,71,0,0,1,0,0,0,0,0,0,0,0,14,9.0,25.5,0.0,3.5,1,0.00,0.07,0.07,0.64,54,-3842,65381,5237,9079,106,Mathias Jensen,54,MID,Brentford,Crystal Palace,Brentford
114,107,23,Crystal Palace,1,True,2023-08-26T14:00:00Z,1.0,1.0,3,10,0,0,0,0,0,0,0,0,0,0,0,2,0.0,0.1,4.0,0.4,0,0.00,0.00,0.00,0.04,49,-475,3027,76,551,107,Keane Lewis-Potter,49,MID,Brentford,Crystal Palace,Brentford
115,108,23,Crystal Palace,2,True,2023-08-26T14:00:00Z,1.0,1.0,3,90,0,0,0,1,0,0,0,0,0,0,0,10,11.0,41.0,11.0,6.3,1,0.04,0.25,0.29,0.80,67,1118529,2276776,1150369,31840,108,Bryan Mbeumo,68,MID,Brentford,Crystal Palace,Brentford
116,109,23,Crystal Palace,0,True,2023-08-26T14:00:00Z,1.0,1.0,3,0,0,0,0,0,0,0,0,0,0,0,0,0,0.0,0.0,0.0,0.0,0,0.00,0.00,0.00,0.00,49,-107039,356103,794,107833,109,Ben Mee,49,DEF,Brentford,Crystal Palace,Brentford
117,110,23,Crystal Palace,5,True,2023-08-26T14:00:00Z,1.0,1.0,3,90,0,1,0,1,0,0,0,0,0,0,0,21,35.2,34.4,2.0,7.2,1,0.01,0.12,0.13,0.80,55,-1073,13618,574,1647,110,Christian Nørgaard,55,MID,Brentford,Crystal Palace,Brentford
118,111,23,Crystal Palace,1,True,2023-08-26T14:00:00Z,1.0,1.0,3,18,0,0,0,1,0,0,0,0,0,0,0,3,4.8,15.8,12.0,3.3,0,0.22,0.02,0.24,0.16,49,90,1053,242,152,111,Frank Onyeka,49,MID,Brentford,Crystal Palace,Brentford
119,112,23,Crystal Palace,2,True,2023-08-26T14:00:00Z,1.0,1.0,3,90,0,0,0,1,0,0,0,0,0,0,0,13,20.0,1.3,10.0,3.1,1,0.18,0.02,0.20,0.80,45,21400,208615,31558,10158,112,Ethan Pinnock,45,DEF,Brentford,Crystal Palace,Brentford
120,114,23,Crystal Palace,0,True,2023-08-26T14:00:00Z,1.0,1.0,3,0,0,0,0,0,0,0,0,0,0,0,0,0,0.0,0.0,0.0,0.0,0,0.00,0.00,0.00,0.00,45,-439,5999,70,509,114,Mads Roerslev Rasmussen,44,DEF,Brentford,Crystal Palace,Brentford
121,115,23,Crystal Palace,9,True,2023-08-26T14:00:00Z,1.0,1.0,3,79,1,0,0,1,0,0,0,0,0,0,2,26,36.0,11.8,25.0,7.3,1,0.11,0.11,0.22,0.76,54,-998,8325,349,1347,115,Kevin Schade,54,MID,Brentford,Crystal Palace,Brentford
122,116,23,Crystal Palace,0,True,2023-08-26T14:00:00Z,1.0,1.0,3,0,0,0,0,0,0,0,0,0,0,0,0,0,0.0,0.0,0.0,0.0,0,0.00,0.00,0.00,0.00,40,-1988,39589,607,2595,116,Thomas Strakosha,40,GKP,Brentford,Crystal Palace,Brentford
123,117,23,Crystal Palace,0,True,2023-08-26T14:00:00Z,1.0,1.0,3,0,0,0,0,0,0,0,0,0,0,0,0,0,0.0,0.0,0.0,0.0,0,0.00,0.00,0.00,0.00,79,-1613,8099,621,2234,117,Ivan Toney,79,FWD,Brentford,Crystal Palace,Brentford
124,118,23,Crystal Palace,0,True,2023-08-26T14:00:00Z,1.0,1.0,3,0,0,0,0,0,0,0,0,0,0,0,0,0,0.0,0.0,0.0,0.0,0,0.00,0.00,0.00,0.00,45,-520,2054,0,520,118,Ryan Trevitt,45,MID,Brentford,Crystal Palace,Brentford
125,119,23,Crystal Palace,2,True,2023-08-26T14:00:00Z,1.0,1.0,3,90,0,0,0,1,0,0,0,0,0,0,0,-1,0.0,1.0,15.0,1.1,1,0.27,0.00,0.27,0.80,61,759384,1499169,818259,58875,119,Yoane Wissa,62,FWD,Brentford,Crystal Palace,Brentford
126,120,23,Crystal Palace,0,True,2023-08-26T14:00:00Z,1.0,1.0,3,0,0,0,0,0,0,0,0,0,0,0,0,0,0.0,0.0,0.0,0.0,0,0.00,0.00,0.00,0.00,45,-8570,64600,2174,10744,120,Yegor Yarmolyuk,44,MID,Brentford,Crystal Palace,Brentford
127,121,23,Crystal Palace,0,True,2023-08-26T14:00:00Z,1.0,1.0,3,0,0,0,0,0,0,0,0,0,0,0,0,0,0.0,0.0,0.0,0.0,0,0.00,0.00,0.00,0.00,45,-732,8172,136,868,121,Mathias Jorgensen,44,DEF,Brentford,Crystal Palace,Brentford
128,620,23,Crystal Palace,0,True,2023-08-26T14:00:00Z,1.0,1.0,3,0,0,0,0,0,0,0,0,0,0,0,0,0,0.0,0.0,0.0,0.0,0,0.00,0.00,0.00,0.00,45,-139,1437,91,230,620,Michale Olakigbe,45,MID,Brentford,Crystal Palace,Brentford
129,122,24,West Ham,1,True,2023-08-26T16:30:00Z,1.0,3.0,3,18,0,0,0,0,0,0,0,0,0,0,0,5,9.0,11.8,8.0,2.9,0,0.00,0.02,0.02,0.53,50,-9963,36122,3219,13182,122,Simon Adingra,50,MID,Brighton,West Ham,Brighton
130,123,24,West Ham,0,True,2023-08-26T16:30:00Z,1.0,3.0,3,0,0,0,0,0,0,0,0,0,0,0,0,0,0.0,0.0,0.0,0.0,0,0.00,0.00,0.00,0.00,44,-1739,12072,860,2599,123,Steven Alzate,44,MID,Brighton,West Ham,Brighton
131,124,24,West Ham,0,True,2023-08-26T16:30:00Z,1.0,3.0,3,0,0,0,0,0,0,0,0,0,0,0,0,0,0.0,0.0,0.0,0.0,0,0.00,0.00,0.00,0.00,45,-1264,4396,140,1404,124,Yasin Ayari,45,MID,Brighton,West Ham,Brighton
132,125,24,West Ham,0,True,2023-08-26T16:30:00Z,1.0,3.0,3,0,0,0,0,0,0,0,0,0,0,0,0,0,0.0,0.0,0.0,0.0,0,0.00,0.00,0.00,0.00,49,-915,4141,186,1101,125,Facundo Buonanotte,48,MID,Brighton,West Ham,Brighton
133,127,24,West Ham,0,True,2023-08-26T16:30:00Z,1.0,3.0,3,0,0,0,0,0,0,0,0,0,0,0,0,0,0.0,0.0,0.0,0.0,0,0.00,0.00,0.00,0.00,45,-719,3438,0,719,127,Aaron Connolly,45,FWD,Brighton,West Ham,Brighton
134,128,24,West Ham,0,True,2023-08-26T16:30:00Z,1.0,3.0,3,0,0,0,0,0,0,0,0,0,0,0,0,0,0.0,0.0,0.0,0.0,0,0.00,0.00,0.00,0.00,50,-3291,13152,610,3901,128,Mahmoud Dahoud,49,MID,Brighton,West Ham,Brighton
135,129,24,West Ham,1,True,2023-08-26T16:30:00Z,1.0,3.0,3,90,0,0,0,3,0,0,0,0,0,0,0,15,22.0,17.9,36.0,7.6,1,0.17,0.07,0.24,3.33,50,-23762,396760,22701,46463,129,Lewis Dunk,50,DEF,Brighton,West Ham,Brighton
136,130,24,West Ham,0,True,2023-08-26T16:30:00Z,1.0,3.0,3,0,0,0,0,0,0,0,0,0,0,0,0,0,0.0,0.0,0.0,0.0,0,0.00,0.00,0.00,0.00,54,-46297,275400,37442,83739,130,Julio Enciso,53,MID,Brighton,West Ham,Brighton
137,131,24,West Ham,1,True,2023-08-26T16:30:00Z,1.0,3.0,3,90,0,0,0,3,0,0,0,0,0,0,0,16,15.2,36.8,20.0,7.2,1,0.00,0.17,0.17,3.33,52,779820,6054350,806778,26958,131,Pervis Estupiñán,53,DEF,Brighton,West Ham,Brighton
138,132,24,West Ham,2,True,2023-08-26T16:30:00Z,1.0,3.0,3,90,0,0,0,3,0,0,0,0,0,0,0,-2,10.2,3.5,70.0,8.4,1,0.67,0.04,0.71,3.33,60,-95362,506600,22125,117487,132,Evan Ferguson,59,FWD,Brighton,West Ham,Brighton
139,133,24,West Ham,1,True,2023-08-26T16:30:00Z,1.0,3.0,3,59,0,0,0,2,0,0,0,0,0,0,0,12,13.4,32.0,6.0,5.1,1,0.18,0.29,0.47,2.18,50,-520,9496,762,1282,133,Billy Gilmour,49,MID,Brighton,West Ham,Brighton
140,134,24,West Ham,10,True,2023-08-26T16:30:00Z,1.0,3.0,3,90,1,0,0,3,0,0,0,0,0,0,3,39,70.0,89.8,38.0,19.8,1,0.16,0.30,0.46,3.33,64,-93646,251479,4411,98057,134,Pascal Groß,64,MID,Brighton,West Ham,Brighton
141,135,24,West Ham,1,True,2023-08-26T16:30:00Z,1.0,3.0,3,30,0,0,0,1,0,0,0,0,0,0,0,6,7.8,18.8,24.0,5.1,0,0.05,0.11,0.16,1.15,56,-484852,2016178,75870,560722,135,João Pedro Junqueira de Jesus,55,FWD,Brighton,West Ham,Brighton
142,136,24,West Ham,0,True,2023-08-26T16:30:00Z,1.0,3.0,3,0,0,0,0,0,0,0,0,0,0,0,0,0,0.0,0.0,0.0,0.0,0,0.00,0.00,0.00,0.00,40,-442,2143,0,442,136,Michał Karbownik,40,DEF,Brighton,West Ham,Brighton
143,137,24,West Ham,0,True,2023-08-26T16:30:00Z,1.0,3.0,3,0,0,0,0,0,0,0,0,0,0,0,0,0,0.0,0.0,0.0,0.0,0,0.00,0.00,0.00,0.00,45,-27,160,0,27,137,Kacper Kozłowski,45,MID,Brighton,West Ham,Brighton
144,138,24,West Ham,1,True,2023-08-26T16:30:00Z,1.0,3.0,3,30,0,0,0,1,0,0,0,0,0,0,0,4,5.0,14.3,6.0,2.5,0,0.00,0.04,0.04,1.15,49,-142,5205,602,744,138,Adam Lallana,49,MID,Brighton,West Ham,Brighton
145,139,24,West Ham,0,True,2023-08-26T16:30:00Z,1.0,3.0,3,0,0,0,0,0,0,0,0,0,0,0,0,0,0.0,0.0,0.0,0.0,0,0.00,0.00,0.00,0.00,40,-81955,552873,11704,93659,139,Tariq Lamptey,39,DEF,Brighton,West Ham,Brighton
146,140,24,West Ham,2,True,2023-08-26T16:30:00Z,1.0,3.0,3,71,0,0,0,3,0,0,0,0,0,0,0,10,5.6,31.0,10.0,4.7,1,0.15,0.10,0.25,2.80,66,553634,1031893,595887,42253,140,Solly March,66,MID,Brighton,West Ham,Brighton
147,141,24,West Ham,0,True,2023-08-26T16:30:00Z,1.0,3.0,3,0,0,0,0,0,0,0,0,0,0,0,0,0,0.0,0.0,0.0,0.0,0,0.00,0.00,0.00,0.00,40,-1596,21940,539,2135,141,Tom McGill,40,GKP,Brighton,West Ham,Brighton
148,142,24,West Ham,2,True,2023-08-26T16:30:00Z,1.0,3.0,3,71,0,0,0,3,0,0,0,0,0,0,0,9,10.0,6.9,2.0,1.9,1,0.00,0.11,0.11,2.80,50,-3539,21181,928,4467,142,James Milner,49,MID,Brighton,West Ham,Brighton
149,143,24,West Ham,1,True,2023-08-26T16:30:00Z,1.0,3.0,3,90,0,0,0,3,0,0,0,1,0,0,0,10,3.2,32.3,32.0,6.8,1,0.07,0.38,0.45,3.33,66,567621,4235929,628321,60700,143,Kaoru Mitoma,65,MID,Brighton,West Ham,Brighton
150,144,24,West Ham,0,True,2023-08-26T16:30:00Z,1.0,3.0,3,0,0,0,0,0,0,0,0,0,0,0,0,0,0.0,0.0,0.0,0.0,0,0.00,0.00,0.00,0.00,44,-617,6330,608,1225,144,Jakub Moder,44,MID,Brighton,West Ham,Brighton
151,146,24,West Ham,0,True,2023-08-26T16:30:00Z,1.0,3.0,3,0,0,0,0,0,0,0,0,0,0,0,0,0,0.0,0.0,0.0,0.0,0,0.00,0.00,0.00,0.00,45,-299,1445,0,299,146,Jeremy Sarmiento Morante,45,MID,Brighton,West Ham,Brighton
152,147,24,West Ham,0,True,2023-08-26T16:30:00Z,1.0,3.0,3,0,0,0,0,0,0,0,0,0,0,0,0,0,0.0,0.0,0.0,0.0,0,0.00,0.00,0.00,0.00,40,-7,86,0,7,147,Kjell Scherpen,40,GKP,Brighton,West Ham,Brighton
153,149,24,West Ham,0,True,2023-08-26T16:30:00Z,1.0,3.0,3,0,0,0,0,0,0,0,0,0,0,0,0,0,0.0,0.0,0.0,0.0,0,0.00,0.00,0.00,0.00,55,-816,2530,0,816,149,Deniz Undav,55,FWD,Brighton,West Ham,Brighton
154,150,24,West Ham,0,True,2023-08-26T16:30:00Z,1.0,3.0,3,0,0,0,0,0,0,0,0,0,0,0,0,0,0.0,0.0,0.0,0.0,0,0.00,0.00,0.00,0.00,40,-10315,189032,23443,33758,150,Jan Paul van Hecke,40,DEF,Brighton,West Ham,Brighton
155,151,24,West Ham,4,True,2023-08-26T16:30:00Z,1.0,3.0,3,18,0,1,0,0,0,0,0,0,0,0,0,13,20.6,11.4,17.0,4.9,0,0.07,0.02,0.09,0.53,44,-16904,77502,3561,20465,151,Joël Veltman,44,DEF,Brighton,West Ham,Brighton
156,152,24,West Ham,2,True,2023-08-26T16:30:00Z,1.0,3.0,3,90,0,0,0,3,0,0,0,0,0,4,0,16,30.0,0.0,0.0,3.0,1,0.00,0.00,0.00,3.33,44,-5364,33810,567,5931,152,Bart Verbruggen,44,GKP,Brighton,West Ham,Brighton
157,153,24,West Ham,1,True,2023-08-26T16:30:00Z,1.0,3.0,3,90,0,0,0,3,0,0,0,0,0,0,0,14,16.6,6.6,0.0,2.3,1,0.00,0.05,0.05,3.33,44,2669,26060,5668,2999,153,Adam Webster,44,DEF,Brighton,West Ham,Brighton
158,154,24,West Ham,1,True,2023-08-26T16:30:00Z,1.0,3.0,3,59,0,0,0,2,0,0,0,0,0,0,0,3,5.4,24.8,10.0,4.0,1,0.04,0.19,0.23,2.18,59,-40190,160732,8773,48963,154,Danny Welbeck,59,FWD,Brighton,West Ham,Brighton
159,155,24,West Ham,0,True,2023-08-26T16:30:00Z,1.0,3.0,3,0,0,0,0,0,0,0,0,0,0,0,0,0,0.0,0.0,0.0,0.0,0,0.00,0.00,0.00,0.00,45,-11799,101255,5676,17475,155,Andi Zeqiri,44,FWD,Brighton,West Ham,Brighton
160,606,24,West Ham,0,True,2023-08-26T16:30:00Z,1.0,3.0,3,0,0,0,0,0,0,0,0,0,0,0,0,0,0.0,0.0,0.0,0.0,0,0.00,0.00,0.00,0.00,44,-1803,11076,498,2301,606,Igor Julio dos Santos de Paulo,44,DEF,Brighton,West Ham,Brighton
161,621,24,West Ham,0,True,2023-08-26T16:30:00Z,1.0,3.0,3,0,0,0,0,0,0,0,0,0,0,0,0,0,0.0,0.0,0.0,0.0,0,0.00,0.00,0.00,0.00,45,-128,1241,128,256,621,Jack Hinshelwood,45,MID,Brighton,West Ham,Brighton
162,156,34,Spurs,0,True,2023-09-02T14:00:00Z,2.0,5.0,4,0,0,0,0,0,0,0,0,0,0,0,0,0,0.0,0.0,0.0,0.0,0,0.00,0.00,0.00,0.00,44,-1480,13473,469,1949,156,Enock Agyei,44,MID,Burnley,Aston Villa,Burnley
163,157,34,Spurs,0,True,2023-09-02T14:00:00Z,2.0,5.0,4,90,0,0,0,5,0,0,0,0,0,0,0,6,4.4,1.3,8.0,1.4,1,0.09,0.01,0.10,2.27,40,163,62030,6700,6537,157,Ameen Al-Dakhil,40,DEF,Burnley,Aston Villa,Burnley
164,158,34,Spurs,0,True,2023-09-02T14:00:00Z,2.0,5.0,4,0,0,0,0,0,0,0,0,0,0,0,0,0,0.0,0.0,0.0,0.0,0,0.00,0.00,0.00,0.00,49,-217,2513,46,263,158,Samuel Bastien,49,MID,Burnley,Aston Villa,Burnley
165,159,34,Spurs,0,True,2023-09-02T14:00:00Z,2.0,5.0,4,0,0,0,0,0,0,0,0,0,0,0,0,0,0.0,0.0,0.0,0.0,0,0.00,0.00,0.00,0.00,54,-1741,12555,272,2013,159,Manuel Benson Hedilazio,54,MID,Burnley,Aston Villa,Burnley
166,160,34,Spurs,-1,True,2023-09-02T14:00:00Z,2.0,5.0,4,73,0,0,0,5,0,0,0,1,0,0,0,11,21.0,0.4,0.0,2.1,1,0.00,0.00,0.00,2.14,40,-65950,335461,1834,67784,160,Jordan Beyer,40,DEF,Burnley,Aston Villa,Burnley
167,161,34,Spurs,5,True,2023-09-02T14:00:00Z,2.0,5.0,4,45,1,0,0,3,0,0,0,1,0,0,0,18,33.6,23.9,22.0,8.0,0,0.19,0.17,0.36,1.21,49,-3578,16075,191,3769,161,Josh Brownhill,48,MID,Burnley,Aston Villa,Burnley
168,162,34,Spurs,0,True,2023-09-02T14:00:00Z,2.0,5.0,4,0,0,0,0,0,0,0,0,0,0,0,0,0,0.0,0.0,0.0,0.0,0,0.00,0.00,0.00,0.00,44,-354,2856,100,454,162,Darko Churlinov,44,MID,Burnley,Aston Villa,Burnley
169,163,34,Spurs,1,True,2023-09-02T14:00:00Z,2.0,5.0,4,16,0,0,0,0,0,0,0,0,0,0,0,2,1.6,0.9,2.0,0.5,0,0.00,0.01,0.01,0.13,49,-251,2384,46,297,163,Jack Cork,49,MID,Burnley,Aston Villa,Burnley
170,164,34,Spurs,0,True,2023-09-02T14:00:00Z,2.0,5.0,4,0,0,0,0,0,0,0,0,0,0,0,0,0,0.0,0.0,0.0,0.0,0,0.00,0.00,0.00,0.00,45,-431,1797,0,431,164,Dara Costelloe,45,MID,Burnley,Aston Villa,Burnley
171,165,34,Spurs,5,True,2023-09-02T14:00:00Z,2.0,5.0,4,90,0,1,0,5,0,0,0,0,0,0,0,20,21.2,17.4,2.0,4.1,1,0.03,0.20,0.23,2.27,50,-380,6344,250,630,165,Josh Cullen,50,MID,Burnley,Aston Villa,Burnley
172,166,34,Spurs,0,True,2023-09-02T14:00:00Z,2.0,5.0,4,0,0,0,0,0,0,0,0,0,0,0,0,0,0.0,0.0,0.0,0.0,0,0.00,0.00,0.00,0.00,40,-1021,11806,107,1128,166,CJ Egan-Riley,40,DEF,Burnley,Aston Villa,Burnley
173,167,34,Spurs,0,True,2023-09-02T14:00:00Z,2.0,5.0,4,0,0,0,0,0,0,0,0,0,0,0,0,0,0.0,0.0,0.0,0.0,0,0.00,0.00,0.00,0.00,40,-2345,17784,146,2491,167,Hjalmar Ekdal,40,DEF,Burnley,Aston Villa,Burnley
174,168,34,Spurs,6,True,2023-09-02T14:00:00Z,2.0,5.0,4,90,1,0,0,5,0,0,0,0,0,0,0,25,40.0,13.1,42.0,9.5,1,0.54,0.05,0.59,2.27,50,8353,41532,12259,3906,168,Lyle Foster,50,FWD,Burnley,Aston Villa,Burnley
175,170,34,Spurs,0,True,2023-09-02T14:00:00Z,2.0,5.0,4,45,0,0,0,2,0,0,0,1,0,0,0,2,7.0,14.7,2.0,2.4,1,0.00,0.09,0.09,1.06,49,322,3785,724,402,170,Jóhann Berg Gudmundsson,49,MID,Burnley,Aston Villa,Burnley
176,171,34,Spurs,0,True,2023-09-02T14:00:00Z,2.0,5.0,4,0,0,0,0,0,0,0,0,0,0,0,0,0,0.0,0.0,0.0,0.0,0,0.00,0.00,0.00,0.00,40,-179,1683,0,179,171,Luke McNally,40,DEF,Burnley,Aston Villa,Burnley
177,172,34,Spurs,0,True,2023-09-02T14:00:00Z,2.0,5.0,4,0,0,0,0,0,0,0,0,0,0,0,0,0,0.0,0.0,0.0,0.0,0,0.00,0.00,0.00,0.00,44,-1848,20201,165,2013,172,Arijanet Muric,44,GKP,Burnley,Aston Villa,Burnley
178,173,34,Spurs,0,True,2023-09-02T14:00:00Z,2.0,5.0,4,90,0,0,0,5,0,0,0,0,0,0,0,17,32.4,0.3,11.0,4.4,1,0.04,0.00,0.04,2.27,45,-422,20241,987,1409,173,Dara O'Shea,45,DEF,Burnley,Aston Villa,Burnley
179,174,34,Spurs,0,True,2023-09-02T14:00:00Z,2.0,5.0,4,0,0,0,0,0,0,0,0,0,0,0,0,0,0.0,0.0,0.0,0.0,0,0.00,0.00,0.00,0.00,49,-247,2997,180,427,174,Michael Obafemi,49,FWD,Burnley,Aston Villa,Burnley
180,175,34,Spurs,0,True,2023-09-02T14:00:00Z,2.0,5.0,4,0,0,0,0,0,0,0,0,0,0,0,0,0,0.0,0.0,0.0,0.0,0,0.00,0.00,0.00,0.00,40,-115,1415,0,115,175,Bailey Peacock-Farrell,40,GKP,Burnley,Aston Villa,Burnley
181,176,34,Spurs,0,True,2023-09-02T14:00:00Z,2.0,5.0,4,90,0,0,0,5,0,0,0,0,0,0,0,11,7.4,17.7,0.0,2.5,1,0.00,0.10,0.10,2.27,45,-1535,25674,695,2230,176,Connor Roberts,45,DEF,Burnley,Aston Villa,Burnley
182,177,34,Spurs,0,True,2023-09-02T14:00:00Z,2.0,5.0,4,0,0,0,0,0,0,0,0,0,0,0,0,0,0.0,0.0,0.0,0.0,0,0.00,0.00,0.00,0.00,54,-1779,18363,636,2415,177,Jay Rodriguez,54,FWD,Burnley,Aston Villa,Burnley
183,178,34,Spurs,0,True,2023-09-02T14:00:00Z,2.0,5.0,4,0,0,0,0,0,0,0,0,0,0,0,0,0,0.0,0.0,0.0,0.0,0,0.00,0.00,0.00,0.00,40,-5793,72868,1316,7109,178,Charlie Taylor,40,DEF,Burnley,Aston Villa,Burnley
184,179,34,Spurs,0,True,2023-09-02T14:00:00Z,2.0,5.0,4,0,0,0,0,0,0,0,0,0,0,0,0,0,0.0,0.0,0.0,0.0,0,0.00,0.00,0.00,0.00,40,-127,1673,0,127,179,Bobby Thomas,40,DEF,Burnley,Aston Villa,Burnley
185,180,34,Spurs,0,True,2023-09-02T14:00:00Z,2.0,5.0,4,0,0,0,0,0,0,0,0,0,0,0,0,0,0.0,0.0,0.0,0.0,0,0.00,0.00,0.00,0.00,49,-442,1471,0,442,180,Scott Twine,49,MID,Burnley,Aston Villa,Burnley
186,181,34,Spurs,0,True,2023-09-02T14:00:00Z,2.0,5.0,4,0,0,0,0,0,0,0,0,0,0,0,0,0,0.0,0.0,0.0,0.0,0,0.00,0.00,0.00,0.00,40,-822,21656,363,1185,181,Lawrence Vigouroux,40,GKP,Burnley,Aston Villa,Burnley
187,182,34,Spurs,0,True,2023-09-02T14:00:00Z,2.0,5.0,4,0,0,0,0,0,0,0,0,0,0,0,0,0,0.0,0.0,0.0,0.0,0,0.00,0.00,0.00,0.00,45,-1802,15516,171,1973,182,Victor da Silva,45,DEF,Burnley,Aston Villa,Burnley
188,183,34,Spurs,0,True,2023-09-02T14:00:00Z,2.0,5.0,4,0,0,0,0,0,0,0,0,0,0,0,0,0,0.0,0.0,0.0,0.0,0,0.00,0.00,0.00,0.00,55,-1296,6514,0,1296,183,Wout Weghorst,55,FWD,Burnley,Aston Villa,Burnley
189,184,34,Spurs,0,True,2023-09-02T14:00:00Z,2.0,5.0,4,0,0,0,0,0,0,0,0,0,0,0,0,0,0.0,0.0,0.0,0.0,0,0.00,0.00,0.00,0.00,49,-1165,4615,55,1220,184,Anass Zaroury,49,MID,Burnley,Aston Villa,Burnley
190,475,34,Spurs,1,True,2023-09-02T14:00:00Z,2.0,5.0,4,45,0,0,0,2,0,0,0,0,0,0,0,8,12.2,12.3,0.0,2.5,1,0.00,0.01,0.01,1.06,49,-1592,13132,248,1840,475,Sander Berge,49,MID,Burnley,Aston Villa,Burnley
191,594,34,Spurs,1,True,2023-09-02T14:00:00Z,2.0,5.0,4,59,0,0,0,3,0,0,0,0,0,0,0,7,14.0,15.8,5.0,3.5,1,0.03,0.18,0.21,1.35,55,-784,12509,1086,1870,594,Zeki Amdouni,55,FWD,Burnley,Aston Villa,Burnley
192,596,34,Spurs,1,True,2023-09-02T14:00:00Z,2.0,5.0,4,90,0,0,0,5,0,0,0,0,0,5,0,21,38.2,0.0,0.0,3.8,1,0.00,0.00,0.00,2.27,45,-3015,95514,2144,5159,596,James Trafford,45,GKP,Burnley,Aston Villa,Burnley
193,600,34,Spurs,1,True,2023-09-02T14:00:00Z,2.0,5.0,4,30,0,0,0,2,0,0,0,0,0,0,0,5,5.2,14.4,4.0,2.4,0,0.00,0.25,0.25,0.92,49,-512,3717,66,578,600,Nathan Redmond,49,MID,Burnley,Aston Villa,Burnley
194,605,34,Spurs,5,True,2023-09-02T14:00:00Z,2.0,5.0,4,67,0,1,0,5,0,0,0,0,0,0,0,12,13.0,11.1,14.0,3.8,1,0.08,0.31,0.39,2.14,50,-76,3570,270,346,605,Luca Koleosho,50,MID,Burnley,Aston Villa,Burnley
195,608,34,Spurs,1,True,2023-09-02T14:00:00Z,2.0,5.0,4,22,0,0,0,0,0,0,0,0,0,0,0,3,6.2,21.3,14.0,4.2,0,0.06,0.05,0.11,0.13,49,-129,1775,54,183,608,Jacob Bruun Larsen,49,MID,Burnley,Aston Villa,Burnley
196,622,34,Spurs,0,True,2023-09-02T14:00:00Z,2.0,5.0,4,0,0,0,0,0,0,0,0,0,0,0,0,0,0.0,0.0,0.0,0.0,0,0.00,0.00,0.00,0.00,40,-242,5114,94,336,622,Owen Dodgson,40,DEF,Burnley,Aston Villa,Burnley
197,126,26,Luton,3,True,2023-08-25T19:00:00Z,3.0,0.0,3,90,0,0,1,0,0,0,0,0,0,0,0,15,17.6,4.4,2.0,2.4,1,0.00,0.03,0.03,0.43,50,-30708,274953,16445,47153,126,Moisés Caicedo Corozo,49,MID,Chelsea,Luton,Chelsea
198,145,26,Luton,6,True,2023-08-25T19:00:00Z,3.0,0.0,3,90,0,0,1,0,0,0,0,0,0,1,0,25,12.6,0.0,0.0,1.3,1,0.00,0.00,0.00,0.43,45,80409,454370,119120,38711,145,Robert Sánchez,45,GKP,Chelsea,Luton,Chelsea
199,185,26,Luton,0,True,2023-08-25T19:00:00Z,3.0,0.0,3,0,0,0,0,0,0,0,0,0,0,0,0,0,0.0,0.0,0.0,0.0,0,0.00,0.00,0.00,0.00,40,-153,1114,0,153,185,Ethan Ampadu,40,DEF,Chelsea,Luton,Chelsea
200,187,26,Luton,0,True,2023-08-25T19:00:00Z,3.0,0.0,3,0,0,0,0,0,0,0,0,0,0,0,0,0,0.0,0.0,0.0,0.0,0,0.00,0.00,0.00,0.00,50,-18912,41488,0,18912,187,Kepa Arrizabalaga,50,GKP,Chelsea,Luton,Chelsea
201,188,26,Luton,0,True,2023-08-25T19:00:00Z,3.0,0.0,3,0,0,0,0,0,0,0,0,0,0,0,0,0,0.0,0.0,0.0,0.0,0,0.00,0.00,0.00,0.00,65,-378,2477,0,378,188,Pierre-Emerick Aubameyang,65,FWD,Chelsea,Luton,Chelsea
202,189,26,Luton,0,True,2023-08-25T19:00:00Z,3.0,0.0,3,0,0,0,0,0,0,0,0,0,0,0,0,0,0.0,0.0,0.0,0.0,0,0.00,0.00,0.00,0.00,45,-21,143,0,21,189,César Azpilicueta,45,DEF,Chelsea,Luton,Chelsea
203,190,26,Luton,0,True,2023-08-25T19:00:00Z,3.0,0.0,3,0,0,0,0,0,0,0,0,0,0,0,0,0,0.0,0.0,0.0,0.0,0,0.00,0.00,0.00,0.00,40,-50,381,0,50,190,Abdul Rahman Baba,40,DEF,Chelsea,Luton,Chelsea
204,191,26,Luton,0,True,2023-08-25T19:00:00Z,3.0,0.0,3,0,0,0,0,0,0,0,0,0,0,0,0,0,0.0,0.0,0.0,0.0,0,0.00,0.00,0.00,0.00,44,-675,3478,90,765,191,Benoît Badiashile,44,DEF,Chelsea,Luton,Chelsea
205,192,26,Luton,0,True,2023-08-25T19:00:00Z,3.0,0.0,3,0,0,0,0,0,0,0,0,0,0,0,0,0,0.0,0.0,0.0,0.0,0,0.00,0.00,0.00,0.00,40,-150,2014,82,232,192,Marcus Bettinelli,40,GKP,Chelsea,Luton,Chelsea
206,354,30,Sheffield Utd,7,False,2023-08-27T13:00:00Z,1.0,2.0,3,90,0,1,0,1,0,0,0,0,0,0,2,33,31.8,73.9,33.0,13.9,1,0.29,0.47,0.76,0.73,74,-51505,388414,16674,68179,354,Jack Grealish,74,MID,Sheffield Utd,Man City,Man City
207,355,30,Sheffield Utd,4,False,2023-08-27T13:00:00Z,1.0,2.0,3,90,1,0,0,1,0,0,1,0,0,0,0,14,34.2,12.9,97.0,14.4,1,1.93,0.01,1.94,0.73,140,64397,8571562,91189,26792,355,Erling Haaland,141,FWD,Sheffield Utd,Man City,Man City
208,356,30,Sheffield Utd,2,False,2023-08-27T13:00:00Z,1.0,2.0,3,85,0,0,0,1,0,0,0,0,0,0,0,19,14.6,29.9,14.0,5.9,1,0.05,0.21,0.26,0.32,50,-6917,97267,9635,16552,356,Mateo Kovačić,50,MID,Sheffield Utd,Man City,Man City
209,357,30,Sheffield Utd,0,False,2023-08-27T13:00:00Z,1.0,2.0,3,0,0,0,0,0,0,0,0,0,0,0,0,0,0.0,0.0,0.0,0.0,0,0.00,0.00,0.00,0.00,49,-8763,28517,1108,9871,357,Aymeric Laporte,49,DEF,Sheffield Utd,Man City,Man City
210,361,30,Sheffield Utd,0,False,2023-08-27T13:00:00Z,1.0,2.0,3,0,0,0,0,0,0,0,0,0,0,0,0,0,0.0,0.0,0.0,0.0,0,0.00,0.00,0.00,0.00,40,-5761,58823,816,6577,361,Stefan Ortega Moreno,39,GKP,Sheffield Utd,Man City,Man City
211,363,30,Sheffield Utd,0,False,2023-08-27T13:00:00Z,1.0,2.0,3,0,0,0,0,0,0,0,0,0,0,0,0,0,0.0,0.0,0.0,0.0,0,0.00,0.00,0.00,0.00,44,-343,2284,122,465,363,Máximo Perrone,44,MID,Sheffield Utd,Man City,Man City
212,364,30,Sheffield Utd,0,False,2023-08-27T13:00:00Z,1.0,2.0,3,0,0,0,0,0,0,0,0,0,0,0,0,0,0.0,0.0,0.0,0.0,0,0.00,0.00,0.00,0.00,49,-434,3992,141,575,364,Kalvin Phillips,49,MID,Sheffield Utd,Man City,Man City
213,365,30,Sheffield Utd,10,False,2023-08-27T13:00:00Z,1.0,2.0,3,90,1,0,0,1,0,0,0,0,0,0,3,39,51.8,19.3,37.0,10.8,1,0.27,0.09,0.36,0.73,56,114816,984866,204457,89641,365,Rodrigo Hernandez,57,MID,Sheffield Utd,Man City,Man City
214,366,30,Sheffield Utd,0,False,2023-08-27T13:00:00Z,1.0,2.0,3,0,0,0,0,0,0,0,0,0,0,0,0,0,0.0,0.0,0.0,0.0,0,0.00,0.00,0.00,0.00,40,-8414,75219,1572,9986,366,Sergio Gómez,39,DEF,Sheffield Utd,Man City,Man City
215,367,30,Sheffield Utd,0,False,2023-08-27T13:00:00Z,1.0,2.0,3,0,0,0,0,0,0,0,0,0,0,0,0,0,0.0,0.0,0.0,0.0,0,0.00,0.00,0.00,0.00,40,-851,13112,185,1036,367,Zack Steffen,40,GKP,Sheffield Utd,Man City,Man City
216,368,30,Sheffield Utd,0,False,2023-08-27T13:00:00Z,1.0,2.0,3,0,0,0,0,0,0,0,0,0,0,0,0,0,0.0,0.0,0.0,0.0,0,0.00,0.00,0.00,0.00,53,-805451,715882,1349,806800,368,John Stones,53,DEF,Sheffield Utd,Man City,Man City
217,369,30,Sheffield Utd,2,False,2023-08-27T13:00:00Z,1.0,2.0,3,90,0,0,0,1,0,0,0,0,0,0,0,20,17.2,46.3,11.0,7.5,1,0.04,0.43,0.47,0.73,51,282609,816739,315193,32584,369,Kyle Walker,52,DEF,Sheffield Utd,Man City,Man City
218,566,27,Everton,0,False,2023-08-26T14:00:00Z,0.0,1.0,3,0,0,0,0,0,0,0,0,0,0,0,0,0,0.0,0.0,0.0,0.0,0,0.00,0.00,0.00,0.00,50,-8581,15133,343,8924,566,Matheus Luiz Nunes,50,MID,Everton,Wolves,Man City
219,616,30,Sheffield Utd,2,False,2023-08-27T13:00:00Z,1.0,2.0,3,90,0,0,0,1,0,0,0,0,0,0,0,14,15.4,29.8,0.0,4.5,1,0.00,0.04,0.04,0.73,50,163007,505315,191775,28768,616,Joško Gvardiol,51,DEF,Sheffield Utd,Man City,Man City
220,209,28,Nott'm Forest,0,True,2023-08-26T14:00:00Z,3.0,2.0,3,0,0,0,0,0,0,0,0,0,0,0,0,0,0.0,0.0,0.0,0.0,0,0.00,0.00,0.00,0.00,69,-109781,190697,2460,112241,209,Mason Mount,68,MID,Man Utd,Nott'm Forest,Man Utd
221,370,28,Nott'm Forest,0,True,2023-08-26T14:00:00Z,3.0,2.0,3,0,0,0,0,0,0,0,0,0,0,0,0,0,0.0,0.0,0.0,0.0,0,0.00,0.00,0.00,0.00,45,-114,734,0,114,370,Alex Telles,45,DEF,Man Utd,Nott'm Forest,Man Utd
222,371,28,Nott'm Forest,0,True,2023-08-26T14:00:00Z,3.0,2.0,3,0,0,0,0,0,0,0,0,0,0,0,0,0,0.0,0.0,0.0,0.0,0,0.00,0.00,0.00,0.00,45,-578,3190,51,629,371,Amad Diallo,44,MID,Man Utd,Nott'm Forest,Man Utd
223,372,28,Nott'm Forest,2,True,2023-08-26T14:00:00Z,3.0,2.0,3,84,0,0,0,2,0,0,0,0,0,0,0,15,12.8,48.3,27.0,8.8,1,0.19,0.52,0.71,1.22,69,-16163,105491,5049,21212,372,Antony Matheus dos Santos,69,MID,Man Utd,Nott'm Forest,Man Utd
224,373,28,Nott'm Forest,12,True,2023-08-26T14:00:00Z,3.0,2.0,3,90,1,1,0,2,0,0,0,1,0,0,3,35,65.6,48.8,49.0,16.3,1,1.21,0.54,1.75,1.24,85,-292843,2084571,59506,352349,373,Bruno Borges Fernandes,85,MID,Man Utd,Nott'm Forest,Man Utd
225,374,28,Nott'm Forest,0,True,2023-08-26T14:00:00Z,3.0,2.0,3,0,0,0,0,0,0,0,0,0,0,0,0,0,0.0,0.0,0.0,0.0,0,0.00,0.00,0.00,0.00,40,-1662,15382,500,2162,374,Brandon Williams,40,DEF,Man Utd,Nott'm Forest,Man Utd
226,375,28,Nott'm Forest,0,True,2023-08-26T14:00:00Z,3.0,2.0,3,0,0,0,0,0,0,0,0,0,0,0,0,0,0.0,0.0,0.0,0.0,0,0.00,0.00,0.00,0.00,40,-1433,18683,749,2182,375,Eric Bailly,40,DEF,Man Utd,Nott'm Forest,Man Utd
227,376,28,Nott'm Forest,7,True,2023-08-26T14:00:00Z,3.0,2.0,3,90,1,0,0,2,0,0,0,0,0,0,0,24,60.0,8.8,50.0,11.9,1,1.09,0.06,1.15,1.24,55,-51845,385502,12017,63862,376,Carlos Henrique Casimiro,54,MID,Man Utd,Nott'm Forest,Man Utd
228,377,28,Nott'm Forest,1,True,2023-08-26T14:00:00Z,3.0,2.0,3,90,0,0,0,2,0,0,0,0,0,0,0,15,15.2,7.0,0.0,2.2,1,0.00,0.05,0.05,1.24,49,-22431,127889,6300,28731,377,Diogo Dalot Teixeira,49,DEF,Man Utd,Nott'm Forest,Man Utd
229,379,28,Nott'm Forest,9,True,2023-08-26T14:00:00Z,3.0,2.0,3,90,1,0,0,2,0,0,0,0,0,0,2,32,43.8,27.9,35.0,10.7,1,0.28,0.14,0.42,1.24,59,-6036,41387,1671,7707,379,Christian Eriksen,59,MID,Man Utd,Nott'm Forest,Man Utd
230,380,28,Nott'm Forest,0,True,2023-08-26T14:00:00Z,3.0,2.0,3,0,0,0,0,0,0,0,0,0,0,0,0,0,0.0,0.0,0.0,0.0,0,0.00,0.00,0.00,0.00,40,-1740,28375,1562,3302,380,Álvaro Fernández Carreras,40,DEF,Man Utd,Nott'm Forest,Man Utd
231,381,28,Nott'm Forest,0,True,2023-08-26T14:00:00Z,3.0,2.0,3,0,0,0,0,0,0,0,0,0,0,0,0,0,0.0,0.0,0.0,0.0,0,0.00,0.00,0.00,0.00,50,-2575,6223,0,2575,381,Frederico Rodrigues de Paula Santos,50,MID,Man Utd,Nott'm Forest,Man Utd
232,382,28,Nott'm Forest,0,True,2023-08-26T14:00:00Z,3.0,2.0,3,0,0,0,0,0,0,0,0,0,0,0,0,0,0.0,0.0,0.0,0.0,0,0.00,0.00,0.00,0.00,50,-33447,204157,12144,45591,382,Alejandro Garnacho,49,MID,Man Utd,Nott'm Forest,Man Utd
233,383,28,Nott'm Forest,0,True,2023-08-26T14:00:00Z,3.0,2.0,3,0,0,0,0,0,0,0,0,0,0,0,0,0,0.0,0.0,0.0,0.0,0,0.00,0.00,0.00,0.00,44,61,5588,952,891,383,Hannibal Mejbri,44,MID,Man Utd,Nott'm Forest,Man Utd
234,384,28,Nott'm Forest,0,True,2023-08-26T14:00:00Z,3.0,2.0,3,0,0,0,0,0,0,0,0,0,0,0,0,0,0.0,0.0,0.0,0.0,0,0.00,0.00,0.00,0.00,40,-1001,11065,75,1076,384,Tom Heaton,40,GKP,Man Utd,Nott'm Forest,Man Utd
235,386,28,Nott'm Forest,1,True,2023-08-26T14:00:00Z,3.0,2.0,3,45,0,0,0,0,0,0,0,0,0,0,0,6,15.0,20.7,2.0,3.8,0,0.00,0.02,0.02,0.26,45,-1902,15398,310,2212,386,Victor Lindelöf,45,DEF,Man Utd,Nott'm Forest,Man Utd
236,387,28,Nott'm Forest,0,True,2023-08-26T14:00:00Z,3.0,2.0,3,0,0,0,0,0,0,0,0,0,0,0,0,0,0.0,0.0,0.0,0.0,0,0.00,0.00,0.00,0.00,44,-8283,36738,847,9130,387,Harry Maguire,43,DEF,Man Utd,Nott'm Forest,Man Utd
237,388,28,Nott'm Forest,0,True,2023-08-26T14:00:00Z,3.0,2.0,3,0,0,0,0,0,0,0,0,0,0,0,0,0,0.0,0.0,0.0,0.0,0,0.00,0.00,0.00,0.00,45,-390,1952,48,438,388,Kobbie Mainoo,44,MID,Man Utd,Nott'm Forest,Man Utd
238,389,28,Nott'm Forest,0,True,2023-08-26T14:00:00Z,3.0,2.0,3,0,0,0,0,0,0,0,0,0,0,0,0,0,0.0,0.0,0.0,0.0,0,0.00,0.00,0.00,0.00,44,-687,3582,72,759,389,Tyrell Malacia,44,DEF,Man Utd,Nott'm Forest,Man Utd
239,390,28,Nott'm Forest,1,True,2023-08-26T14:00:00Z,3.0,2.0,3,59,0,0,0,2,0,0,0,0,0,0,0,3,1.4,14.5,11.0,2.7,1,0.04,0.02,0.06,1.00,65,145,25571,3185,3040,390,Anthony Martial,65,FWD,Man Utd,Nott'm Forest,Man Utd
240,391,28,Nott'm Forest,1,True,2023-08-26T14:00:00Z,3.0,2.0,3,90,0,0,0,2,0,0,0,0,0,0,0,18,17.4,16.0,2.0,3.5,1,0.00,0.04,0.04,1.24,49,-86811,536182,10127,96938,391,Lisandro Martínez,49,DEF,Man Utd,Nott'm Forest,Man Utd
241,392,28,Nott'm Forest,1,True,2023-08-26T14:00:00Z,3.0,2.0,3,5,0,0,0,0,0,0,0,0,0,0,0,3,3.4,10.2,0.0,1.4,0,0.00,0.00,0.00,0.02,49,-940,6645,162,1102,392,Scott McTominay,49,MID,Man Utd,Nott'm Forest,Man Utd
242,394,28,Nott'm Forest,0,True,2023-08-26T14:00:00Z,3.0,2.0,3,0,0,0,0,0,0,0,0,0,0,0,0,0,0.0,0.0,0.0,0.0,0,0.00,0.00,0.00,0.00,45,-1041,12839,1134,2175,394,Facundo Pellistri Rebollo,44,MID,Man Utd,Nott'm Forest,Man Utd
243,395,28,Nott'm Forest,0,True,2023-08-26T14:00:00Z,3.0,2.0,3,45,0,0,0,2,0,0,0,0,0,0,0,10,6.2,4.7,0.0,1.1,1,0.00,0.03,0.03,0.97,51,153927,657743,194149,40222,395,Raphaël Varane,50,DEF,Man Utd,Nott'm Forest,Man Utd
244,396,28,Nott'm Forest,7,True,2023-08-26T14:00:00Z,3.0,2.0,3,90,0,2,0,2,0,0,0,1,0,0,0,21,23.6,19.3,29.0,7.2,1,0.12,0.58,0.70,1.24,90,-440243,3998525,97260,537503,396,Marcus Rashford,89,MID,Man Utd,Nott'm Forest,Man Utd
245,397,28,Nott'm Forest,1,True,2023-08-26T14:00:00Z,3.0,2.0,3,30,0,0,0,0,0,0,0,0,0,0,0,0,0.6,1.6,4.0,0.6,0,0.00,0.01,0.01,0.23,69,-11151,75676,1811,12962,397,Jadon Sancho,69,MID,Man Utd,Nott'm Forest,Man Utd
246,398,28,Nott'm Forest,0,True,2023-08-26T14:00:00Z,3.0,2.0,3,0,0,0,0,0,0,0,0,0,0,0,0,0,0.0,0.0,0.0,0.0,0,0.00,0.00,0.00,0.00,55,-690805,1657045,66683,757488,398,Luke Shaw,54,DEF,Man Utd,Nott'm Forest,Man Utd
247,399,28,Nott'm Forest,0,True,2023-08-26T14:00:00Z,3.0,2.0,3,0,0,0,0,0,0,0,0,0,0,0,0,0,0.0,0.0,0.0,0.0,0,0.00,0.00,0.00,0.00,45,-1490,13616,499,1989,399,Shola Shoretire,44,FWD,Man Utd,Nott'm Forest,Man Utd
248,400,28,Nott'm Forest,0,True,2023-08-26T14:00:00Z,3.0,2.0,3,0,0,0,0,0,0,0,0,0,0,0,0,0,0.0,0.0,0.0,0.0,0,0.00,0.00,0.00,0.00,49,-676,4576,111,787,400,Donny van de Beek,49,MID,Man Utd,Nott'm Forest,Man Utd
249,401,28,Nott'm Forest,0,True,2023-08-26T14:00:00Z,3.0,2.0,3,90,0,0,0,2,0,0,0,1,0,0,0,15,18.8,5.8,2.0,2.7,1,0.00,0.04,0.04,1.24,46,147802,584869,188893,41091,401,Aaron Wan-Bissaka,46,DEF,Man Utd,Nott'm Forest,Man Utd
250,508,22,Bournemouth,0,False,2023-08-26T11:30:00Z,0.0,2.0,3,0,0,0,0,0,0,0,0,0,0,0,0,0,0.0,0.0,0.0,0.0,0,0.00,0.00,0.00,0.00,44,-2649,17649,719,3368,508,Sergio Reguilón,44,DEF,Bournemouth,Spurs,Man Utd
251,597,28,Nott'm Forest,0,True,2023-08-26T14:00:00Z,3.0,2.0,3,90,0,0,0,2,0,0,0,1,0,2,0,8,13.6,0.0,0.0,1.4,1,0.00,0.00,0.00,1.24,50,-14126,2756246,117188,131314,597,André Onana,50,GKP,Man Utd,Nott'm Forest,Man Utd
252,617,28,Nott'm Forest,0,True,2023-08-26T14:00:00Z,3.0,2.0,3,0,0,0,0,0,0,0,0,0,0,0,0,0,0.0,0.0,0.0,0.0,0,0.00,0.00,0.00,0.00,70,-11014,71469,6421,17435,617,Rasmus Højlund,70,FWD,Man Utd,Nott'm Forest,Man Utd
253,632,28,Nott'm Forest,0,True,2023-08-26T14:00:00Z,3.0,2.0,3,0,0,0,0,0,0,0,0,0,0,0,0,0,0.0,0.0,0.0,0.0,0,0.00,0.00,0.00,0.00,45,-140,1174,48,188,632,Omari Forson,45,MID,Man Utd,Nott'm Forest,Man Utd
254,669,31,Arsenal,0,False,2023-09-03T15:30:00Z,,,4,0,0,0,0,0,0,0,0,0,0,0,0,0,0.0,0.0,0.0,0.0,0,0.00,0.00,0.00,0.00,40,195,1579,322,127,669,Radek Vítek,40,GKP,Man Utd,Nott'm Forest,Man Utd
255,204,29,Liverpool,0,True,2023-08-27T15:30:00Z,1.0,2.0,3,0,0,0,0,0,0,0,0,0,0,0,0,0,0.0,0.0,0.0,0.0,0,0.00,0.00,0.00,0.00,45,913,20780,3661,2748,204,Lewis Hall,45,DEF,Newcastle,Liverpool,Newcastle
256,402,29,Liverpool,2,True,2023-08-27T15:30:00Z,1.0,2.0,3,90,0,0,0,2,0,0,0,0,0,0,0,7,0.0,5.1,36.0,4.0,1,0.59,0.02,0.61,0.95,64,-89888,561157,13929,103817,402,Miguel Almirón Rejala,64,MID,Newcastle,Liverpool,Newcastle
257,403,29,Liverpool,1,True,2023-08-27T15:30:00Z,1.0,2.0,3,8,0,0,0,1,0,0,0,0,0,0,0,4,2.4,1.0,2.0,0.5,0,0.00,0.01,0.01,0.48,45,-78157,432435,7439,85596,403,Elliot Anderson,44,MID,Newcastle,Liverpool,Newcastle
258,404,29,Liverpool,0,True,2023-08-27T15:30:00Z,1.0,2.0,3,0,0,0,0,0,0,0,0,0,0,0,0,0,0.0,0.0,0.0,0.0,0,0.00,0.00,0.00,0.00,40,-368,2164,0,368,404,Harrison Ashby,40,DEF,Newcastle,Liverpool,Newcastle
259,405,29,Liverpool,2,True,2023-08-27T15:30:00Z,1.0,2.0,3,86,0,0,0,1,0,0,0,0,0,0,0,15,12.4,1.2,8.0,2.2,1,0.09,0.01,0.10,0.51,45,11247,1796013,106349,95102,405,Sven Botman,45,DEF,Newcastle,Liverpool,Newcastle
260,406,29,Liverpool,2,True,2023-08-27T15:30:00Z,1.0,2.0,3,90,0,0,0,2,0,0,0,0,0,0,0,7,15.4,24.8,1.0,4.1,1,0.02,0.03,0.05,0.95,59,-28449,262036,11923,40372,406,Bruno Guimarães Rodriguez Moura,59,MID,Newcastle,Liverpool,Newcastle
261,408,29,Liverpool,0,True,2023-08-27T15:30:00Z,1.0,2.0,3,0,0,0,0,0,0,0,0,0,0,0,0,0,0.0,0.0,0.0,0.0,0,0.00,0.00,0.00,0.00,40,-148,1289,0,148,408,Karl Darlow,40,GKP,Newcastle,Liverpool,Newcastle
262,409,29,Liverpool,0,True,2023-08-27T15:30:00Z,1.0,2.0,3,0,0,0,0,0,0,0,0,0,0,0,0,0,0.0,0.0,0.0,0.0,0,0.00,0.00,0.00,0.00,40,-5270,104849,1044,6314,409,Martin Dubravka,40,GKP,Newcastle,Liverpool,Newcastle
263,410,29,Liverpool,0,True,2023-08-27T15:30:00Z,1.0,2.0,3,0,0,0,0,0,0,0,0,0,0,0,0,0,0.0,0.0,0.0,0.0,0,0.00,0.00,0.00,0.00,49,-598,4365,93,691,410,Ryan Fraser,49,MID,Newcastle,Liverpool,Newcastle
264,411,29,Liverpool,0,True,2023-08-27T15:30:00Z,1.0,2.0,3,0,0,0,0,0,0,0,0,0,0,0,0,0,0.0,0.0,0.0,0.0,0,0.00,0.00,0.00,0.00,40,-324,7120,67,391,411,Mark Gillespie,40,GKP,Newcastle,Liverpool,Newcastle
265,412,29,Liverpool,10,True,2023-08-27T15:30:00Z,1.0,2.0,3,71,1,0,1,0,0,0,0,0,0,0,2,28,46.8,30.7,38.0,11.6,1,0.59,0.22,0.80,0.40,55,-4479,49514,5073,9552,412,Anthony Gordon,55,MID,Newcastle,Liverpool,Newcastle
266,413,29,Liverpool,0,True,2023-08-27T15:30:00Z,1.0,2.0,3,0,0,0,0,0,0,0,0,0,0,0,0,0,0.0,0.0,0.0,0.0,0,0.00,0.00,0.00,0.00,45,-600,4595,127,727,413,Isaac Hayden,44,MID,Newcastle,Liverpool,Newcastle
267,414,29,Liverpool,0,True,2023-08-27T15:30:00Z,1.0,2.0,3,0,0,0,0,0,0,0,0,0,0,0,0,0,0.0,0.0,0.0,0.0,0,0.00,0.00,0.00,0.00,45,-621,5203,151,772,414,Jeff Hendrick,44,MID,Newcastle,Liverpool,Newcastle
268,415,29,Liverpool,2,True,2023-08-27T15:30:00Z,1.0,2.0,3,71,0,0,1,0,0,0,0,0,0,0,0,5,3.2,10.8,19.0,3.3,1,0.16,0.02,0.18,0.40,77,276320,2671221,408228,131908,415,Alexander Isak,77,FWD,Newcastle,Liverpool,Newcastle
269,416,29,Liverpool,2,True,2023-08-27T15:30:00Z,1.0,2.0,3,81,0,0,0,1,0,0,0,0,0,0,0,17,17.0,34.7,21.0,7.3,1,0.05,0.06,0.11,0.47,59,-26096,72896,1852,27948,416,Joelinton Cássio Apolinário de Lira,59,MID,Newcastle,Liverpool,Newcastle
270,417,29,Liverpool,0,True,2023-08-27T15:30:00Z,1.0,2.0,3,0,0,0,0,0,0,0,0,0,0,0,0,0,0.0,0.0,0.0,0.0,0,0.00,0.00,0.00,0.00,45,-178,1100,28,206,417,Emil Krafth,44,DEF,Newcastle,Liverpool,Newcastle
271,418,29,Liverpool,0,True,2023-08-27T15:30:00Z,1.0,2.0,3,0,0,0,0,0,0,0,0,0,0,0,0,0,0.0,0.0,0.0,0.0,0,0.00,0.00,0.00,0.00,45,-120,522,0,120,418,Garang Kuol,45,MID,Newcastle,Liverpool,Newcastle
272,419,29,Liverpool,0,True,2023-08-27T15:30:00Z,1.0,2.0,3,0,0,0,0,0,0,0,0,0,0,0,0,0,0.0,0.0,0.0,0.0,0,0.00,0.00,0.00,0.00,40,-2548,37721,1308,3856,419,Jamaal Lascelles,40,DEF,Newcastle,Liverpool,Newcastle
273,420,29,Liverpool,0,True,2023-08-27T15:30:00Z,1.0,2.0,3,0,0,0,0,0,0,0,0,0,0,0,0,0,0.0,0.0,0.0,0.0,0,0.00,0.00,0.00,0.00,40,-173,946,0,173,420,Jamal Lewis,40,DEF,Newcastle,Liverpool,Newcastle
274,421,29,Liverpool,1,True,2023-08-27T15:30:00Z,1.0,2.0,3,18,0,0,0,2,0,0,0,0,0,0,0,5,10.2,14.3,26.0,5.1,0,0.16,0.01,0.17,0.56,49,-2352,16460,303,2655,421,Sean Longstaff,49,MID,Newcastle,Liverpool,Newcastle
275,423,29,Liverpool,0,True,2023-08-27T15:30:00Z,1.0,2.0,3,0,0,0,0,0,0,0,0,0,0,0,0,0,0.0,0.0,0.0,0.0,0,0.00,0.00,0.00,0.00,50,-3795,19359,654,4449,423,Jacob Murphy,49,MID,Newcastle,Liverpool,Newcastle
276,424,29,Liverpool,1,True,2023-08-27T15:30:00Z,1.0,2.0,3,90,0,0,0,2,0,0,0,0,0,2,0,14,17.8,0.0,4.0,2.2,1,0.02,0.00,0.02,0.95,55,-29799,1002039,24353,54152,424,Nick Pope,55,GKP,Newcastle,Liverpool,Newcastle
277,425,29,Liverpool,0,True,2023-08-27T15:30:00Z,1.0,2.0,3,0,0,0,0,0,0,0,0,0,0,0,0,0,0.0,0.0,0.0,0.0,0,0.00,0.00,0.00,0.00,45,-1958,14220,337,2295,425,Matt Ritchie,44,MID,Newcastle,Liverpool,Newcastle
278,426,29,Liverpool,0,True,2023-08-27T15:30:00Z,1.0,2.0,3,0,0,0,0,0,0,0,0,0,0,0,0,0,0.0,0.0,0.0,0.0,0,0.00,0.00,0.00,0.00,60,-852,3911,0,852,426,Allan Saint-Maximin,60,MID,Newcastle,Liverpool,Newcastle
279,427,29,Liverpool,1,True,2023-08-27T15:30:00Z,1.0,2.0,3,90,0,0,0,2,0,0,0,0,0,0,0,11,8.4,0.9,2.0,1.1,1,0.10,0.01,0.11,0.95,50,-668,215682,15882,16550,427,Fabian Schär,50,DEF,Newcastle,Liverpool,Newcastle
280,428,29,Liverpool,1,True,2023-08-27T15:30:00Z,1.0,2.0,3,3,0,0,0,1,0,0,0,0,0,0,0,3,0.8,0.7,0.0,0.2,0,0.00,0.00,0.00,0.45,44,-1640,15031,388,2028,428,Matt Targett,44,DEF,Newcastle,Liverpool,Newcastle
281,429,29,Liverpool,3,True,2023-08-27T15:30:00Z,1.0,2.0,3,71,0,0,1,0,0,0,0,0,0,0,0,13,5.0,1.8,8.0,1.5,1,0.03,0.00,0.03,0.40,55,-7481,323134,33356,40837,429,Sandro Tonali,55,MID,Newcastle,Liverpool,Newcastle
282,430,29,Liverpool,0,True,2023-08-27T15:30:00Z,1.0,2.0,3,90,0,0,0,2,0,0,0,1,0,0,0,15,22.2,61.4,4.0,8.8,1,0.00,0.18,0.18,0.95,65,-47049,2967715,115111,162160,430,Kieran Trippier,65,DEF,Newcastle,Liverpool,Newcastle
283,431,29,Liverpool,0,True,2023-08-27T15:30:00Z,1.0,2.0,3,0,0,0,0,0,0,0,0,0,0,0,0,0,0.0,0.0,0.0,0.0,0,0.00,0.00,0.00,0.00,40,-1224,9719,0,1224,431,Kell Watts,40,DEF,Newcastle,Liverpool,Newcastle
284,432,29,Liverpool,0,True,2023-08-27T15:30:00Z,1.0,2.0,3,0,0,0,0,0,0,0,0,0,0,0,0,0,0.0,0.0,0.0,0.0,0,0.00,0.00,0.00,0.00,54,-3597,12665,68,3665,432,Joe Willock,54,MID,Newcastle,Liverpool,Newcastle
285,433,29,Liverpool,1,True,2023-08-27T15:30:00Z,1.0,2.0,3,18,0,0,0,2,0,0,0,0,0,0,0,0,0.0,0.0,8.0,0.3,0,0.10,0.00,0.10,0.56,79,-120597,623141,12100,132697,433,Callum Wilson,78,FWD,Newcastle,Liverpool,Newcastle
286,580,29,Liverpool,0,True,2023-08-27T15:30:00Z,1.0,2.0,3,0,0,0,0,0,0,0,0,0,0,0,0,0,0.0,0.0,0.0,0.0,0,0.00,0.00,0.00,0.00,40,-945,23996,360,1305,580,Loris Karius,40,GKP,Newcastle,Liverpool,Newcastle
287,581,29,Liverpool,0,True,2023-08-27T15:30:00Z,1.0,2.0,3,0,0,0,0,0,0,0,0,0,0,0,0,0,0.0,0.0,0.0,0.0,0,0.00,0.00,0.00,0.00,40,-1033,14408,464,1497,581,Paul Dummett,40,DEF,Newcastle,Liverpool,Newcastle
288,603,29,Liverpool,1,True,2023-08-27T15:30:00Z,1.0,2.0,3,18,0,0,0,2,0,0,0,0,0,0,0,3,0.0,1.1,7.0,0.8,0,0.08,0.01,0.09,0.56,65,-65367,381616,30138,95505,603,Harvey Barnes,65,MID,Newcastle,Liverpool,Newcastle
289,633,29,Liverpool,0,True,2023-08-27T15:30:00Z,1.0,2.0,3,0,0,0,0,0,0,0,0,0,0,0,0,0,0.0,0.0,0.0,0.0,0,0.00,0.00,0.00,0.00,45,-1778,21609,791,2569,633,Tino Livramento,45,DEF,Newcastle,Liverpool,Newcastle
290,634,29,Liverpool,0,True,2023-08-27T15:30:00Z,1.0,2.0,3,0,0,0,0,0,0,0,0,0,0,0,0,0,0.0,0.0,0.0,0.0,0,0.00,0.00,0.00,0.00,40,555,36117,4422,3867,634,Alex Murphy,40,DEF,Newcastle,Liverpool,Newcastle
291,635,29,Liverpool,0,True,2023-08-27T15:30:00Z,1.0,2.0,3,0,0,0,0,0,0,0,0,0,0,0,0,0,0.0,0.0,0.0,0.0,0,0.00,0.00,0.00,0.00,45,-228,2276,133,361,635,Lewis Miley,45,MID,Newcastle,Liverpool,Newcastle
292,23,21,Fulham,0,True,2023-08-26T14:00:00Z,2.0,2.0,3,0,0,0,0,0,0,0,0,0,0,0,0,0,0.0,0.0,0.0,0.0,0,0.00,0.00,0.00,0.00,40,-1462,26474,1552,3014,23,Nuno Varela Tavares,40,DEF,Arsenal,Fulham,Nott'm Forest
293,28,28,Man Utd,3,False,2023-08-26T14:00:00Z,3.0,2.0,3,90,0,0,0,3,0,0,0,0,0,7,0,23,39.4,0.0,0.0,3.9,1,0.00,0.00,0.00,2.91,40,-17058,1349751,52479,69537,28,Matt Turner,40,GKP,Man Utd,Nott'm Forest,Nott'm Forest
294,186,26,Luton,0,True,2023-08-25T19:00:00Z,3.0,0.0,3,0,0,0,0,0,0,0,0,0,0,0,0,0,0.0,0.0,0.0,0.0,0,0.00,0.00,0.00,0.00,44,-927,12618,1562,2489,186,Andrey Nascimento dos Santos,44,MID,Chelsea,Luton,Nott'm Forest
295,378,28,Man Utd,1,False,2023-08-26T14:00:00Z,3.0,2.0,3,9,0,0,0,0,0,0,0,0,0,0,0,3,0.2,0.8,6.0,0.7,0,0.02,0.00,0.02,0.12,50,-17612,72212,3807,21419,378,Anthony Elanga,50,MID,Man Utd,Nott'm Forest,Nott'm Forest
296,434,28,Man Utd,0,False,2023-08-26T14:00:00Z,3.0,2.0,3,0,0,0,0,0,0,0,0,0,0,0,0,0,0.0,0.0,0.0,0.0,0,0.00,0.00,0.00,0.00,45,-223,872,0,223,434,Brandon Aguilera Zamora,45,MID,Man Utd,Nott'm Forest,Nott'm Forest
297,435,28,Man Utd,0,False,2023-08-26T14:00:00Z,3.0,2.0,3,0,0,0,0,0,0,0,0,0,0,0,0,0,0.0,0.0,0.0,0.0,0,0.00,0.00,0.00,0.00,45,-931,6841,251,1182,435,Harry Arter,44,MID,Man Utd,Nott'm Forest,Nott'm Forest
298,436,28,Man Utd,0,False,2023-08-26T14:00:00Z,3.0,2.0,3,90,0,0,0,3,0,0,0,1,0,0,0,6,16.2,14.6,0.0,3.1,1,0.00,0.01,0.01,2.91,45,85155,168448,106759,21604,436,Serge Aurier,45,DEF,Man Utd,Nott'm Forest,Nott'm Forest
299,437,28,Man Utd,6,False,2023-08-26T14:00:00Z,3.0,2.0,3,80,1,0,0,3,0,0,0,0,0,0,0,29,32.8,2.6,29.0,6.4,1,0.67,0.02,0.69,2.79,65,51273,185747,85737,34464,437,Taiwo Awoniyi,66,FWD,Man Utd,Nott'm Forest,Nott'm Forest
300,438,28,Man Utd,0,False,2023-08-26T14:00:00Z,3.0,2.0,3,0,0,0,0,0,0,0,0,0,0,0,0,0,0.0,0.0,0.0,0.0,0,0.00,0.00,0.00,0.00,40,-873,11438,330,1203,438,Giulian Biancone,40,DEF,Man Utd,Nott'm Forest,Nott'm Forest
301,439,28,Man Utd,7,False,2023-08-26T14:00:00Z,3.0,2.0,3,90,1,0,0,3,0,0,0,0,0,0,0,25,66.4,0.6,36.0,10.3,1,0.25,0.01,0.26,2.91,45,-3959,13499,552,4511,439,Willy Boly,45,DEF,Man Utd,Nott'm Forest,Nott'm Forest
302,440,28,Man Utd,0,False,2023-08-26T14:00:00Z,3.0,2.0,3,0,0,0,0,0,0,0,0,0,0,0,0,0,0.0,0.0,0.0,0.0,0,0.00,0.00,0.00,0.00,45,-62,356,0,62,440,Josh Bowler,45,MID,Man Utd,Nott'm Forest,Nott'm Forest
303,441,28,Man Utd,0,False,2023-08-26T14:00:00Z,3.0,2.0,3,0,0,0,0,0,0,0,0,0,0,0,0,0,0.0,0.0,0.0,0.0,0,0.00,0.00,0.00,0.00,45,-388,1764,0,388,441,Steve Cook,45,DEF,Man Utd,Nott'm Forest,Nott'm Forest
304,442,28,Man Utd,2,False,2023-08-26T14:00:00Z,3.0,2.0,3,80,0,0,0,3,0,0,0,0,0,0,0,5,2.8,0.8,7.0,1.1,1,0.03,0.00,0.03,2.79,55,-1902,11710,298,2200,442,Danilo dos Santos de Oliveira,54,MID,Man Utd,Nott'm Forest,Nott'm Forest
305,443,28,Man Utd,0,False,2023-08-26T14:00:00Z,3.0,2.0,3,0,0,0,0,0,0,0,0,0,0,0,0,0,0.0,0.0,0.0,0.0,0,0.00,0.00,0.00,0.00,49,-8753,41234,1309,10062,443,Emmanuel Dennis,49,FWD,Man Utd,Nott'm Forest,Nott'm Forest
306,444,28,Man Utd,0,False,2023-08-26T14:00:00Z,3.0,2.0,3,0,0,0,0,0,0,0,0,0,0,0,0,0,0.0,0.0,0.0,0.0,0,0.00,0.00,0.00,0.00,40,-1156,12949,328,1484,444,Mohamed Dräger,40,DEF,Man Utd,Nott'm Forest,Nott'm Forest
307,445,28,Man Utd,0,False,2023-08-26T14:00:00Z,3.0,2.0,3,0,0,0,0,0,0,0,0,0,0,0,0,0,0.0,0.0,0.0,0.0,0,0.00,0.00,0.00,0.00,44,-426,2040,39,465,445,Felipe Augusto de Almeida Monteiro,44,DEF,Man Utd,Nott'm Forest,Nott'm Forest
308,446,28,Man Utd,0,False,2023-08-26T14:00:00Z,3.0,2.0,3,0,0,0,0,0,0,0,0,0,0,0,0,0,0.0,0.0,0.0,0.0,0,0.00,0.00,0.00,0.00,49,-305,2246,33,338,446,Remo Freuler,49,MID,Man Utd,Nott'm Forest,Nott'm Forest
309,447,28,Man Utd,8,False,2023-08-26T14:00:00Z,3.0,2.0,3,90,0,2,0,3,0,0,0,1,0,0,1,31,29.2,41.5,15.0,8.6,1,0.27,0.24,0.51,2.91,60,-45707,191018,4803,50510,447,Morgan Gibbs-White,59,MID,Man Utd,Nott'm Forest,Nott'm Forest
310,448,28,Man Utd,0,False,2023-08-26T14:00:00Z,3.0,2.0,3,0,0,0,0,0,0,0,0,0,0,0,0,0,0.0,0.0,0.0,0.0,0,0.00,0.00,0.00,0.00,40,-1973,24639,96,2069,448,Wayne Hennessey,40,GKP,Man Utd,Nott'm Forest,Nott'm Forest
311,449,28,Man Utd,0,False,2023-08-26T14:00:00Z,3.0,2.0,3,0,0,0,0,0,0,0,0,0,0,0,0,0,0.0,0.0,0.0,0.0,0,0.00,0.00,0.00,0.00,45,-1149,11912,174,1323,449,Ethan Horvath,44,GKP,Man Utd,Nott'm Forest,Nott'm Forest
312,450,28,Man Utd,2,False,2023-08-26T14:00:00Z,3.0,2.0,3,69,0,0,0,2,0,0,0,0,0,0,0,7,13.0,11.9,2.0,2.7,1,0.00,0.02,0.02,2.00,60,-12539,52157,1554,14093,450,Brennan Johnson,59,MID,Man Utd,Nott'm Forest,Nott'm Forest
313,451,28,Man Utd,0,False,2023-08-26T14:00:00Z,3.0,2.0,3,20,0,0,0,1,0,0,0,1,0,0,0,2,5.4,0.5,2.0,0.8,0,0.00,0.02,0.02,0.91,50,-283,2496,32,315,451,Cheikhou Kouyaté,49,MID,Man Utd,Nott'm Forest,Nott'm Forest
314,452,28,Man Utd,0,False,2023-08-26T14:00:00Z,3.0,2.0,3,0,0,0,0,0,0,0,0,0,0,0,0,0,0.0,0.0,0.0,0.0,0,0.00,0.00,0.00,0.00,45,-97,529,0,97,452,Richie Laryea,45,DEF,Man Utd,Nott'm Forest,Nott'm Forest
315,453,28,Man Utd,0,False,2023-08-26T14:00:00Z,3.0,2.0,3,0,0,0,0,0,0,0,0,0,0,0,0,0,0.0,0.0,0.0,0.0,0,0.00,0.00,0.00,0.00,50,-228,2300,101,329,453,Orel Mangala,50,MID,Man Utd,Nott'm Forest,Nott'm Forest
316,454,28,Man Utd,0,False,2023-08-26T14:00:00Z,3.0,2.0,3,0,0,0,0,0,0,0,0,0,0,0,0,0,0.0,0.0,0.0,0.0,0,0.00,0.00,0.00,0.00,40,-787,10216,253,1040,454,Loïc Mbe Soh,40,DEF,Man Utd,Nott'm Forest,Nott'm Forest
317,455,28,Man Utd,0,False,2023-08-26T14:00:00Z,3.0,2.0,3,56,0,0,0,2,0,0,0,0,0,0,0,7,18.0,0.2,2.0,2.0,1,0.00,0.02,0.02,1.61,45,-1454,8663,214,1668,455,Scott McKenna,45,DEF,Man Utd,Nott'm Forest,Nott'm Forest
318,456,28,Man Utd,0,False,2023-08-26T14:00:00Z,3.0,2.0,3,0,0,0,0,0,0,0,0,0,0,0,0,0,0.0,0.0,0.0,0.0,0,0.00,0.00,0.00,0.00,45,-368,3094,106,474,456,Alex Mighten,44,MID,Man Utd,Nott'm Forest,Nott'm Forest
319,457,28,Man Utd,1,False,2023-08-26T14:00:00Z,3.0,2.0,3,33,0,0,0,1,0,0,0,0,0,0,0,4,5.8,0.4,0.0,0.6,0,0.00,0.01,0.01,1.31,45,-197,3314,142,339,457,Moussa Niakhaté,45,DEF,Man Utd,Nott'm Forest,Nott'm Forest
320,458,28,Man Utd,0,False,2023-08-26T14:00:00Z,3.0,2.0,3,0,0,0,0,0,0,0,0,0,0,0,0,0,0.0,0.0,0.0,0.0,0,0.00,0.00,0.00,0.00,49,-200,1458,13,213,458,Lewis O'Brien,49,MID,Man Utd,Nott'm Forest,Nott'm Forest
321,459,28,Man Utd,0,False,2023-08-26T14:00:00Z,3.0,2.0,3,0,0,0,0,0,0,0,0,0,0,0,0,0,0.0,0.0,0.0,0.0,0,0.00,0.00,0.00,0.00,45,-73,358,0,73,459,Braian Ojeda Rodríguez,45,MID,Man Utd,Nott'm Forest,Nott'm Forest
322,460,28,Man Utd,0,False,2023-08-26T14:00:00Z,3.0,2.0,3,0,0,0,0,0,0,0,0,0,0,0,0,0,0.0,0.0,0.0,0.0,0,0.00,0.00,0.00,0.00,40,-864,12886,328,1192,460,Jonathan Panzo,40,DEF,Man Utd,Nott'm Forest,Nott'm Forest
323,461,28,Man Utd,0,False,2023-08-26T14:00:00Z,3.0,2.0,3,0,0,0,0,0,0,0,0,0,0,0,0,0,0.0,0.0,0.0,0.0,0,0.00,0.00,0.00,0.00,45,-1063,3630,27,1090,461,Omar Richards,44,DEF,Man Utd,Nott'm Forest,Nott'm Forest
324,462,28,Man Utd,0,False,2023-08-26T14:00:00Z,3.0,2.0,3,0,0,0,0,0,0,0,0,0,0,0,0,0,0.0,0.0,0.0,0.0,0,0.00,0.00,0.00,0.00,45,-1587,4285,38,1625,462,Gustavo Henrique Furtado Scarpa,45,MID,Man Utd,Nott'm Forest,Nott'm Forest
325,463,28,Man Utd,0,False,2023-08-26T14:00:00Z,3.0,2.0,3,0,0,0,0,0,0,0,0,0,0,0,0,0,0.0,0.0,0.0,0.0,0,0.00,0.00,0.00,0.00,49,-451,2973,59,510,463,Jonjo Shelvey,49,MID,Man Utd,Nott'm Forest,Nott'm Forest
326,464,28,Man Utd,0,False,2023-08-26T14:00:00Z,3.0,2.0,3,0,0,0,0,0,0,0,0,0,0,0,0,0,0.0,0.0,0.0,0.0,0,0.00,0.00,0.00,0.00,45,-4747,27356,0,4747,464,Sam Surridge,45,FWD,Man Utd,Nott'm Forest,Nott'm Forest
327,465,28,Man Utd,0,False,2023-08-26T14:00:00Z,3.0,2.0,3,0,0,0,0,0,0,0,0,0,0,0,0,0,0.0,0.0,0.0,0.0,0,0.00,0.00,0.00,0.00,45,-517,4824,39,556,465,Harry Toffolo,44,DEF,Man Utd,Nott'm Forest,Nott'm Forest
328,466,28,Man Utd,0,False,2023-08-26T14:00:00Z,3.0,2.0,3,0,0,0,0,0,0,0,0,0,0,0,0,0,0.0,0.0,0.0,0.0,0,0.00,0.00,0.00,0.00,45,-18103,103240,1675,19778,466,Hwang Ui-jo,44,FWD,Man Utd,Nott'm Forest,Nott'm Forest
329,467,28,Man Utd,0,False,2023-08-26T14:00:00Z,3.0,2.0,3,0,0,0,0,0,0,0,0,0,0,0,0,0,0.0,0.0,0.0,0.0,0,0.00,0.00,0.00,0.00,45,-1607,24950,745,2352,467,Neco Williams,45,DEF,Man Utd,Nott'm Forest,Nott'm Forest
330,468,28,Man Utd,1,False,2023-08-26T14:00:00Z,3.0,2.0,3,9,0,0,0,0,0,0,0,0,0,0,0,3,4.2,20.4,4.0,2.9,0,0.00,0.03,0.03,0.12,50,7306,62854,14423,7117,468,Chris Wood,50,FWD,Man Utd,Nott'm Forest,Nott'm Forest
331,469,28,Man Utd,-2,False,2023-08-26T14:00:00Z,3.0,2.0,3,66,0,0,0,3,0,0,0,0,1,0,0,-2,0.2,0.2,0.0,0.0,1,0.00,0.00,0.00,3.83,45,-1152,7554,179,1331,469,Joe Worrall,45,DEF,Man Utd,Nott'm Forest,Nott'm Forest
332,470,28,Man Utd,2,False,2023-08-26T14:00:00Z,3.0,2.0,3,90,0,0,0,3,0,0,0,0,0,0,0,10,12.4,2.0,2.0,1.6,1,0.00,0.00,0.00,2.91,50,-504,3519,50,554,470,Ryan Yates,49,MID,Man Utd,Nott'm Forest,Nott'm Forest
333,604,28,Man Utd,0,False,2023-08-26T14:00:00Z,3.0,2.0,3,90,0,0,0,3,0,0,0,1,0,0,0,9,12.6,0.5,0.0,1.3,1,0.00,0.01,0.01,2.91,45,-4563,9643,151,4714,604,Olu Aina,45,DEF,Man Utd,Nott'm Forest,Nott'm Forest
334,636,28,Man Utd,0,False,2023-08-26T14:00:00Z,3.0,2.0,3,0,0,0,0,0,0,0,0,0,0,0,0,0,0.0,0.0,0.0,0.0,0,0.00,0.00,0.00,0.00,40,-231,4465,119,350,636,George Shelvey,40,GKP,Man Utd,Nott'm Forest,Nott'm Forest
335,637,28,Man Utd,0,False,2023-08-26T14:00:00Z,3.0,2.0,3,0,0,0,0,0,0,0,0,0,0,0,0,0,0.0,0.0,0.0,0.0,0,0.00,0.00,0.00,0.00,40,-278,9384,542,820,637,Josh Powell,40,DEF,Man Utd,Nott'm Forest,Nott'm Forest
336,471,30,Man City,1,True,2023-08-27T13:00:00Z,1.0,2.0,3,90,0,0,0,2,0,0,0,0,0,0,0,5,12.6,0.9,8.0,2.2,1,0.36,0.00,0.36,3.52,45,-4669,35832,628,5297,471,Anel Ahmedhodžić,45,DEF,Sheffield Utd,Man City,Sheffield Utd
337,472,30,Man City,0,True,2023-08-27T13:00:00Z,1.0,2.0,3,0,0,0,0,0,0,0,0,0,0,0,0,0,0.0,0.0,0.0,0.0,0,0.00,0.00,0.00,0.00,40,-1969,29948,235,2204,472,Jordan Amissah,40,GKP,Sheffield Utd,Man City,Sheffield Utd
338,473,30,Man City,1,True,2023-08-27T13:00:00Z,1.0,2.0,3,70,0,0,0,1,0,0,0,1,0,0,0,3,11.6,0.7,0.0,1.2,1,0.00,0.01,0.01,2.80,40,-191278,1209539,14913,206191,473,George Baldock,40,DEF,Sheffield Utd,Man City,Sheffield Utd
339,474,30,Man City,1,True,2023-08-27T13:00:00Z,1.0,2.0,3,10,0,0,0,1,0,0,0,0,0,0,0,2,2.0,0.0,0.0,0.2,0,0.00,0.00,0.00,0.61,40,39621,101328,52895,13274,474,Chris Basham,40,DEF,Sheffield Utd,Man City,Sheffield Utd
340,476,30,Man City,7,True,2023-08-27T13:00:00Z,1.0,2.0,3,19,1,0,0,1,0,0,0,0,0,0,0,18,36.0,0.4,17.0,5.3,0,0.14,0.00,0.14,0.72,45,-202,1601,96,298,476,Jayden Bogle,45,DEF,Sheffield Utd,Man City,Sheffield Utd
341,477,30,Man City,0,True,2023-08-27T13:00:00Z,1.0,2.0,3,0,0,0,0,0,0,0,0,0,0,0,0,0,0.0,0.0,0.0,0.0,0,0.00,0.00,0.00,0.00,49,-1271,4568,92,1363,477,Rhian Brewster,49,FWD,Sheffield Utd,Man City,Sheffield Utd
342,478,30,Man City,0,True,2023-08-27T13:00:00Z,1.0,2.0,3,0,0,0,0,0,0,0,0,0,0,0,0,0,0.0,0.0,0.0,0.0,0,0.00,0.00,0.00,0.00,44,-423,2934,203,626,478,Ismaila Coulibaly,44,MID,Sheffield Utd,Man City,Sheffield Utd
343,479,30,Man City,0,True,2023-08-27T13:00:00Z,1.0,2.0,3,0,0,0,0,0,0,0,0,0,0,0,0,0,0.0,0.0,0.0,0.0,0,0.00,0.00,0.00,0.00,40,-544,19314,829,1373,479,Adam Davies,40,GKP,Sheffield Utd,Man City,Sheffield Utd
344,480,30,Man City,0,True,2023-08-27T13:00:00Z,1.0,2.0,3,90,0,0,0,2,0,0,0,1,0,0,0,2,7.2,0.0,0.0,0.7,1,0.00,0.00,0.00,3.52,45,-1821,13977,403,2224,480,John Egan,45,DEF,Sheffield Utd,Man City,Sheffield Utd
345,481,30,Man City,0,True,2023-08-27T13:00:00Z,1.0,2.0,3,0,0,0,0,0,0,0,0,0,0,0,0,0,0.0,0.0,0.0,0.0,0,0.00,0.00,0.00,0.00,50,-135,688,83,218,481,John Fleck,49,MID,Sheffield Utd,Man City,Sheffield Utd
346,482,30,Man City,4,True,2023-08-27T13:00:00Z,1.0,2.0,3,90,0,0,0,2,0,0,0,0,0,7,1,25,49.0,0.0,0.0,4.9,1,0.00,0.00,0.00,3.52,45,-3988,28085,755,4743,482,Wes Foderingham,45,GKP,Sheffield Utd,Man City,Sheffield Utd
347,483,30,Man City,0,True,2023-08-27T13:00:00Z,1.0,2.0,3,0,0,0,0,0,0,0,0,0,0,0,0,0,0.0,0.0,0.0,0.0,0,0.00,0.00,0.00,0.00,49,-246,1456,37,283,483,Daniel Jebbison,49,FWD,Sheffield Utd,Man City,Sheffield Utd
348,484,30,Man City,0,True,2023-08-27T13:00:00Z,1.0,2.0,3,0,0,0,0,0,0,0,0,0,0,0,0,0,0.0,0.0,0.0,0.0,0,0.00,0.00,0.00,0.00,45,-1134,7402,131,1265,484,Max Lowe,44,DEF,Sheffield Utd,Man City,Sheffield Utd
349,485,30,Man City,1,True,2023-08-27T13:00:00Z,1.0,2.0,3,19,0,0,0,1,0,0,0,0,0,0,0,6,3.0,15.1,4.0,2.2,0,0.02,0.41,0.43,0.72,55,-775,3380,79,854,485,Oliver McBurnie,54,FWD,Sheffield Utd,Man City,Sheffield Utd
350,486,30,Man City,0,True,2023-08-27T13:00:00Z,1.0,2.0,3,0,0,0,0,0,0,0,0,0,0,0,0,0,0.0,0.0,0.0,0.0,0,0.00,0.00,0.00,0.00,55,-372,1496,0,372,486,Iliman Ndiaye,55,FWD,Sheffield Utd,Man City,Sheffield Utd
351,487,30,Man City,0,True,2023-08-27T13:00:00Z,1.0,2.0,3,0,0,0,0,0,0,0,0,0,0,0,0,0,0.0,0.0,0.0,0.0,0,0.00,0.00,0.00,0.00,40,-552,5310,180,732,487,Rhys Norrington-Davies,40,DEF,Sheffield Utd,Man City,Sheffield Utd
352,489,30,Man City,1,True,2023-08-27T13:00:00Z,1.0,2.0,3,16,0,0,0,0,0,0,0,0,0,0,0,4,1.4,0.0,0.0,0.1,1,0.00,0.00,0.00,0.26,50,-560,2509,54,614,489,Ben Osborn,49,MID,Sheffield Utd,Man City,Sheffield Utd
353,490,30,Man City,1,True,2023-08-27T13:00:00Z,1.0,2.0,3,70,0,0,0,1,0,0,0,1,0,0,0,-4,0.0,0.3,0.0,0.0,1,0.00,0.00,0.00,2.80,45,-11252,143750,11231,22483,490,William Osula,45,FWD,Sheffield Utd,Man City,Sheffield Utd
354,576,30,Man City,1,True,2023-08-27T13:00:00Z,1.0,2.0,3,90,0,0,0,2,0,0,0,0,0,0,0,9,8.8,0.1,0.0,0.9,1,0.00,0.00,0.00,3.52,45,-747,7993,171,918,576,Jack Robinson,45,DEF,Sheffield Utd,Man City,Sheffield Utd
355,587,30,Man City,0,True,2023-08-27T13:00:00Z,1.0,2.0,3,0,0,0,0,0,0,0,0,0,0,0,0,0,0.0,0.0,0.0,0.0,0,0.00,0.00,0.00,0.00,49,-1674,3365,18,1692,587,Anis Slimane,49,MID,Sheffield Utd,Man City,Sheffield Utd
356,592,30,Man City,1,True,2023-08-27T13:00:00Z,1.0,2.0,3,73,0,0,0,2,0,0,0,0,0,0,0,8,10.0,0.3,6.0,1.6,0,0.06,0.02,0.08,3.26,45,-467,5516,70,537,592,Yasser Larouci,45,DEF,Sheffield Utd,Man City,Sheffield Utd
357,593,30,Man City,2,True,2023-08-27T13:00:00Z,1.0,2.0,3,90,0,0,0,2,0,0,0,0,0,0,0,2,0.0,1.0,6.0,0.5,1,0.00,0.09,0.09,3.52,55,-1844,6012,444,2288,593,Bénie Traoré,55,FWD,Sheffield Utd,Man City,Sheffield Utd
358,638,30,Man City,1,True,2023-08-27T13:00:00Z,1.0,2.0,3,90,0,0,0,2,0,0,0,1,0,0,0,5,8.8,0.3,4.0,1.3,1,0.00,0.00,0.00,3.52,50,-100,724,47,147,638,Vini de Souza Costa,50,MID,Sheffield Utd,Man City,Sheffield Utd
359,653,30,Man City,0,True,2023-08-27T13:00:00Z,1.0,2.0,3,0,0,0,0,0,0,0,0,0,0,0,0,0,0.0,0.0,0.0,0.0,0,0.00,0.00,0.00,0.00,40,491,4498,954,463,653,Femi Seriki,40,DEF,Sheffield Utd,Man City,Sheffield Utd
360,654,30,Man City,0,True,2023-08-27T13:00:00Z,1.0,2.0,3,0,0,0,0,0,0,0,0,0,0,0,0,0,0.0,0.0,0.0,0.0,0,0.00,0.00,0.00,0.00,45,558,4560,1452,894,654,Louie Marsh,45,FWD,Sheffield Utd,Man City,Sheffield Utd
361,655,30,Man City,0,True,2023-08-27T13:00:00Z,1.0,2.0,3,0,0,0,0,0,0,0,0,0,0,0,0,0,0.0,0.0,0.0,0.0,0,0.00,0.00,0.00,0.00,45,235,3193,838,603,655,Andre Brooks,45,MID,Sheffield Utd,Man City,Sheffield Utd
362,656,30,Man City,0,True,2023-08-27T13:00:00Z,1.0,2.0,3,0,0,0,0,0,0,0,0,0,0,0,0,0,0.0,0.0,0.0,0.0,0,0.00,0.00,0.00,0.00,45,568,7101,1753,1185,656,Antwoine Hackford,45,FWD,Sheffield Utd,Man City,Sheffield Utd
363,663,40,Everton,2,True,2023-09-02T11:30:00Z,2.0,2.0,4,90,0,0,0,2,0,0,0,0,0,0,0,15,14.6,27.8,24.0,6.6,1,0.26,0.09,0.35,2.59,50,3715,14791,5413,1698,663,Gustavo Hamer,50,MID,Sheffield Utd,Man City,Sheffield Utd
364,666,40,Everton,0,True,2023-09-02T11:30:00Z,2.0,2.0,4,0,0,0,0,0,0,0,0,0,0,0,0,0,0.0,0.0,0.0,0.0,0,0.00,0.00,0.00,0.00,50,-13,414,37,50,666,Tom Davies,50,MID,Sheffield Utd,Man City,Sheffield Utd
365,491,22,Bournemouth,0,False,2023-08-26T11:30:00Z,0.0,2.0,3,0,0,0,0,0,0,0,0,0,0,0,0,0,0.0,0.0,0.0,0.0,0,0.00,0.00,0.00,0.00,40,-576,22230,740,1316,491,Brandon Austin,40,GKP,Bournemouth,Spurs,Spurs
366,492,22,Bournemouth,0,False,2023-08-26T11:30:00Z,0.0,2.0,3,0,0,0,0,0,0,0,0,0,0,0,0,0,0.0,0.0,0.0,0.0,0,0.00,0.00,0.00,0.00,55,-103,698,67,170,492,Rodrigo Bentancur,54,MID,Bournemouth,Spurs,Spurs
367,493,22,Bournemouth,2,False,2023-08-26T11:30:00Z,0.0,2.0,3,73,0,0,1,0,0,0,0,1,0,0,0,17,30.2,12.9,19.0,6.2,1,0.05,0.12,0.17,0.54,50,20256,54809,25332,5076,493,Yves Bissouma,50,MID,Bournemouth,Spurs,Spurs
368,494,22,Bournemouth,0,False,2023-08-26T11:30:00Z,0.0,2.0,3,0,0,0,0,0,0,0,0,0,0,0,0,0,0.0,0.0,0.0,0.0,0,0.00,0.00,0.00,0.00,50,-50,487,37,87,494,Bryan Gil Salvatierra,50,MID,Bournemouth,Spurs,Spurs
369,495,22,Bournemouth,1,False,2023-08-26T11:30:00Z,0.0,2.0,3,8,0,0,0,0,0,0,0,0,0,0,0,2,0.0,0.8,4.0,0.4,0,0.13,0.01,0.14,0.12,45,-2376,65192,3066,5442,495,Ben Davies,44,DEF,Bournemouth,Spurs,Spurs
370,496,22,Bournemouth,0,False,2023-08-26T11:30:00Z,0.0,2.0,3,0,0,0,0,0,0,0,0,0,0,0,0,0,0.0,0.0,0.0,0.0,0,0.00,0.00,0.00,0.00,44,-13615,79870,1867,15482,496,Eric Dier,43,DEF,Bournemouth,Spurs,Spurs
371,497,22,Bournemouth,0,False,2023-08-26T11:30:00Z,0.0,2.0,3,0,0,0,0,0,0,0,0,0,0,0,0,0,0.0,0.0,0.0,0.0,0,0.00,0.00,0.00,0.00,45,12254,183985,36949,24695,497,Emerson Leite de Souza Junior,45,DEF,Bournemouth,Spurs,Spurs
372,498,22,Bournemouth,0,False,2023-08-26T11:30:00Z,0.0,2.0,3,0,0,0,0,0,0,0,0,0,0,0,0,0,0.0,0.0,0.0,0.0,0,0.00,0.00,0.00,0.00,40,-20380,308085,1683,22063,498,Fraser Forster,40,GKP,Bournemouth,Spurs,Spurs
373,499,22,Bournemouth,1,False,2023-08-26T11:30:00Z,0.0,2.0,3,30,0,0,0,0,0,0,0,0,0,0,0,10,8.2,5.3,0.0,1.4,0,0.00,0.23,0.23,0.16,54,-7352,40046,1029,8381,499,Pierre-Emile Højbjerg,53,MID,Bournemouth,Spurs,Spurs
374,500,22,Bournemouth,0,False,2023-08-26T11:30:00Z,0.0,2.0,3,0,0,0,0,0,0,0,0,0,0,0,0,0,0.0,0.0,0.0,0.0,0,0.00,0.00,0.00,0.00,125,-36531,85953,0,36531,500,Harry Kane,125,FWD,Bournemouth,Spurs,Spurs
375,351,30,Sheffield Utd,0,False,2023-08-27T13:00:00Z,1.0,2.0,3,0,0,0,0,0,0,0,0,0,0,0,0,0,0.0,0.0,0.0,0.0,0,0.00,0.00,0.00,0.00,45,-209,1901,54,263,351,Tommy Doyle,44,MID,Sheffield Utd,Man City,Wolves
376,545,27,Everton,1,False,2023-08-26T14:00:00Z,0.0,1.0,3,45,0,0,0,0,0,0,0,0,0,0,0,-3,2.4,11.6,2.0,1.6,0,0.00,0.02,0.02,0.58,45,-1414,38809,3936,5350,545,Rayan Aït-Nouri,45,DEF,Everton,Wolves,Wolves
377,546,27,Everton,0,False,2023-08-26T14:00:00Z,0.0,1.0,3,0,0,0,0,0,0,0,0,0,0,0,0,0,0.0,0.0,0.0,0.0,0,0.00,0.00,0.00,0.00,40,-1480,40884,770,2250,546,Daniel Bentley,40,GKP,Everton,Wolves,Wolves
378,547,27,Everton,0,False,2023-08-26T14:00:00Z,0.0,1.0,3,0,0,0,0,0,0,0,0,0,0,0,0,0,0.0,0.0,0.0,0.0,0,0.00,0.00,0.00,0.00,40,-2470,83290,4295,6765,547,Bendegúz Bolla,40,DEF,Everton,Wolves,Wolves
379,548,27,Everton,6,False,2023-08-26T14:00:00Z,0.0,1.0,3,84,0,0,1,0,0,0,0,0,0,0,0,24,13.2,16.9,0.0,3.0,1,0.00,0.03,0.03,1.14,45,-615,13087,619,1234,548,Hugo Bueno López,45,DEF,Everton,Wolves,Wolves
380,549,27,Everton,0,False,2023-08-26T14:00:00Z,0.0,1.0,3,0,0,0,0,0,0,0,0,0,0,0,0,0,0.0,0.0,0.0,0.0,0,0.00,0.00,0.00,0.00,45,-141,815,0,141,549,Francisco Jorge Tomás Oliveira,45,MID,Everton,Wolves,Wolves
381,550,27,Everton,0,False,2023-08-26T14:00:00Z,0.0,1.0,3,0,0,0,0,0,0,0,0,0,0,0,0,0,0.0,0.0,0.0,0.0,0,0.00,0.00,0.00,0.00,45,-349,1885,0,349,550,Luke Cundle,45,MID,Everton,Wolves,Wolves
382,551,27,Everton,5,False,2023-08-26T14:00:00Z,0.0,1.0,3,90,0,0,1,0,0,0,0,1,0,0,0,23,17.0,0.7,0.0,1.8,1,0.00,0.00,0.00,1.20,45,-3334,22101,726,4060,551,Craig Dawson,45,DEF,Everton,Wolves,Wolves
383,552,27,Everton,2,False,2023-08-26T14:00:00Z,0.0,1.0,3,73,0,0,1,0,0,0,0,0,0,0,0,2,2.2,10.8,4.0,1.7,1,0.30,0.01,0.31,1.14,55,-2393,26930,1439,3832,552,Fábio Silva,55,FWD,Everton,Wolves,Wolves
384,554,27,Everton,0,False,2023-08-26T14:00:00Z,0.0,1.0,3,0,0,0,0,0,0,0,0,0,0,0,0,0,0.0,0.0,0.0,0.0,0,0.00,0.00,0.00,0.00,54,-1354,7646,247,1601,554,Gonçalo Manuel Ganchinho Guedes,54,MID,Everton,Wolves,Wolves
385,555,27,Everton,0,False,2023-08-26T14:00:00Z,0.0,1.0,3,0,0,0,0,0,0,0,0,0,0,0,0,0,0.0,0.0,0.0,0.0,0,0.00,0.00,0.00,0.00,45,-1166,8275,283,1449,555,Joe Hodge,44,MID,Everton,Wolves,Wolves
386,556,27,Everton,0,False,2023-08-26T14:00:00Z,0.0,1.0,3,0,0,0,0,0,0,0,0,0,0,0,0,0,0.0,0.0,0.0,0.0,0,0.00,0.00,0.00,0.00,40,-802,7589,0,802,556,Ki-Jana Hoever,40,DEF,Everton,Wolves,Wolves
387,557,27,Everton,1,False,2023-08-26T14:00:00Z,0.0,1.0,3,45,0,0,0,0,0,0,0,0,0,0,0,3,0.6,2.7,0.0,0.3,1,0.00,0.00,0.00,0.62,55,919,13293,2284,1365,557,Hwang Hee-chan,55,MID,Everton,Wolves,Wolves
388,559,27,Everton,2,False,2023-08-26T14:00:00Z,0.0,1.0,3,90,0,0,1,0,0,0,0,1,0,0,0,9,11.0,4.2,2.0,1.7,1,0.05,0.01,0.06,1.20,50,-817,6080,301,1118,559,João Victor Gomes da Silva,50,MID,Everton,Wolves,Wolves
389,560,27,Everton,0,False,2023-08-26T14:00:00Z,0.0,1.0,3,0,0,0,0,0,0,0,0,0,0,0,0,0,0.0,0.0,0.0,0.0,0,0.00,0.00,0.00,0.00,45,-740,6357,54,794,560,Jonathan Castro Otto,44,DEF,Everton,Wolves,Wolves
390,561,27,Everton,0,False,2023-08-26T14:00:00Z,0.0,1.0,3,0,0,0,0,0,0,0,0,0,0,0,0,0,0.0,0.0,0.0,0.0,0,0.00,0.00,0.00,0.00,45,-2385,17307,354,2739,561,Bruno Cavaco Jordão,44,MID,Everton,Wolves,Wolves
391,562,27,Everton,6,False,2023-08-26T14:00:00Z,0.0,1.0,3,5,1,0,0,0,0,0,0,0,0,0,1,29,35.0,1.4,33.0,6.9,0,0.26,0.01,0.27,0.06,50,-1933,12523,471,2404,562,Sasa Kalajdzic,50,FWD,Everton,Wolves,Wolves
392,563,27,Everton,8,False,2023-08-26T14:00:00Z,0.0,1.0,3,90,0,0,1,0,0,0,0,0,0,0,2,30,22.2,14.3,0.0,3.7,1,0.00,0.15,0.15,1.20,45,-8238,63863,910,9148,563,Max Kilman,45,DEF,Everton,Wolves,Wolves
393,564,27,Everton,0,False,2023-08-26T14:00:00Z,0.0,1.0,3,0,0,0,0,0,0,0,0,0,0,0,0,0,0.0,0.0,0.0,0.0,0,0.00,0.00,0.00,0.00,40,-1453,77094,2135,3588,564,Tom King,40,GKP,Everton,Wolves,Wolves
394,565,27,Everton,2,False,2023-08-26T14:00:00Z,0.0,1.0,3,90,0,0,1,0,0,0,0,1,0,0,0,8,5.4,1.7,10.0,1.7,1,0.06,0.00,0.06,1.20,50,-324,4281,379,703,565,Mario Lemina,50,MID,Everton,Wolves,Wolves
395,567,27,Everton,7,False,2023-08-26T14:00:00Z,0.0,1.0,3,90,0,1,1,0,0,0,0,0,0,0,1,29,26.0,61.0,8.0,9.5,1,0.04,0.45,0.49,1.20,55,-2117,23316,2841,4958,567,Pedro Lomba Neto,55,MID,Everton,Wolves,Wolves
396,568,27,Everton,0,False,2023-08-26T14:00:00Z,0.0,1.0,3,0,0,0,0,0,0,0,0,0,0,0,0,0,0.0,0.0,0.0,0.0,0,0.00,0.00,0.00,0.00,54,-2319,10318,198,2517,568,Daniel Castelo Podence,53,MID,Everton,Wolves,Wolves
397,569,27,Everton,11,False,2023-08-26T14:00:00Z,0.0,1.0,3,90,0,0,1,0,0,0,0,0,0,7,3,40,60.8,0.0,0.0,6.1,1,0.00,0.00,0.00,1.20,50,-6788,100814,3603,10391,569,José Malheiro de Sá,50,GKP,Everton,Wolves,Wolves
398,570,27,Everton,1,False,2023-08-26T14:00:00Z,0.0,1.0,3,16,0,0,0,0,0,0,0,0,0,0,0,4,3.2,0.5,12.0,1.6,0,0.28,0.03,0.31,0.06,50,2167,19613,6342,4175,570,Pablo Sarabia,50,MID,Everton,Wolves,Wolves
399,571,27,Everton,0,False,2023-08-26T14:00:00Z,0.0,1.0,3,0,0,0,0,0,0,0,0,0,0,0,0,0,0.0,0.0,0.0,0.0,0,0.00,0.00,0.00,0.00,40,-3600,47185,0,3600,571,Matija Šarkić,40,GKP,Everton,Wolves,Wolves
400,572,27,Everton,5,False,2023-08-26T14:00:00Z,0.0,1.0,3,90,0,0,1,0,0,0,0,1,0,0,0,19,13.4,2.6,0.0,1.6,1,0.00,0.01,0.01,1.20,45,-2665,36259,2636,5301,572,Nélson Cabral Semedo,45,DEF,Everton,Wolves,Wolves
401,573,27,Everton,1,False,2023-08-26T14:00:00Z,0.0,1.0,3,5,0,0,0,0,0,0,0,0,0,0,0,3,0.2,0.0,0.0,0.0,0,0.00,0.00,0.00,0.06,45,-711,8171,105,816,573,Toti António Gomes,44,DEF,Everton,Wolves,Wolves
402,574,27,Everton,0,False,2023-08-26T14:00:00Z,0.0,1.0,3,0,0,0,0,0,0,0,0,0,0,0,0,0,0.0,0.0,0.0,0.0,0,0.00,0.00,0.00,0.00,45,-6400,42834,1094,7494,574,Boubacar Traoré,44,MID,Everton,Wolves,Wolves
403,590,27,Everton,2,False,2023-08-26T14:00:00Z,0.0,1.0,3,84,0,0,1,0,0,0,0,0,0,0,0,0,0.8,1.8,10.0,1.3,1,0.17,0.00,0.17,1.14,55,6057,58829,17866,11809,590,Matheus Santos Carneiro Da Cunha,55,FWD,Everton,Wolves,Wolves
404,598,27,Everton,0,False,2023-08-26T14:00:00Z,0.0,1.0,3,0,0,0,0,0,0,0,0,0,0,0,0,0,0.0,0.0,0.0,0.0,0,0.00,0.00,0.00,0.00,45,-3625,23114,306,3931,598,Matt Doherty,44,DEF,Everton,Wolves,Wolves
