,element,fixture,opponent_team,total_points,was_home,kickoff_time,team_h_score,team_a_score,round,minutes,goals_scored,assists,clean_sheets,goals_conceded,own_goals,penalties_saved,penalties_missed,yellow_cards,red_cards,saves,bonus,bps,influence,creativity,threat,ict_index,value,transfers_balance,selected,transfers_in,transfers_out,name,cost,position,home_team,away_team,team_x
0,1,1,Crystal Palace,0,False,2022-08-05T19:00:00Z,0,2,1,0,0,0,0,0,0,0,0,0,0,0,0,0,0.0,0.0,0.0,0.0,45,0,23970,0,0,Cédric Alves Soares,45,DEF,Arsenal,Leicester,Arsenal
1,3,1,Crystal Palace,2,False,2022-08-05T19:00:00Z,0,2,1,90,0,0,1,0,0,0,0,1,0,0,0,12,16.6,15.0,2.0,3.4,50,0,48303,0,0,Granit Xhaka,50,MID,Arsenal,Leicester,Arsenal
2,4,1,Crystal Palace,0,False,2022-08-05T19:00:00Z,0,2,1,0,0,0,0,0,0,0,0,0,0,0,0,0,0.0,0.0,0.0,0.0,45,0,86132,0,0,Mohamed Elneny,45,MID,Arsenal,Leicester,Arsenal
3,5,1,Crystal Palace,0,False,2022-08-05T19:00:00Z,0,2,1,0,0,0,0,0,0,0,0,0,0,0,0,0,0.0,0.0,0.0,0.0,45,0,14331,0,0,Rob Holding,45,DEF,Arsenal,Leicester,Arsenal
4,6,1,Crystal Palace,3,False,2022-08-05T19:00:00Z,0,2,1,90,0,0,1,0,0,0,0,0,0,0,0,17,22.6,12.9,10.0,4.6,50,0,39617,0,0,Thomas Partey,50,MID,Arsenal,Leicester,Arsenal
5,7,1,Crystal Palace,3,False,2022-08-05T19:00:00Z,0,2,1,90,0,0,1,0,0,0,0,0,0,0,0,9,3.4,8.3,23.0,3.5,65,0,1133257,0,0,Martin Ødegaard,65,MID,Arsenal,Leicester,Arsenal
6,8,1,Crystal Palace,1,False,2022-08-05T19:00:00Z,0,2,1,7,0,0,0,0,0,0,0,0,0,0,0,3,6.0,0.2,0.0,0.6,50,0,105345,0,0,Kieran Tierney,50,DEF,Arsenal,Leicester,Arsenal
7,9,1,Crystal Palace,0,False,2022-08-05T19:00:00Z,0,2,1,0,0,0,0,0,0,0,0,0,0,0,0,0,0.0,0.0,0.0,0.0,55,0,30199,0,0,Nicolas Pépé,55,MID,Arsenal,Leicester,Arsenal
8,10,1,Crystal Palace,5,False,2022-08-05T19:00:00Z,0,2,1,90,0,0,1,0,0,0,0,1,0,0,0,25,31.4,12.0,0.0,4.3,45,0,533085,0,0,Benjamin White,45,DEF,Arsenal,Leicester,Arsenal
9,11,1,Crystal Palace,1,False,2022-08-05T19:00:00Z,0,2,1,7,0,0,0,0,0,0,0,0,0,0,0,4,2.2,10.3,0.0,1.3,70,0,67198,0,0,Eddie Nketiah,70,FWD,Arsenal,Leicester,Arsenal
10,12,1,Crystal Palace,0,False,2022-08-05T19:00:00Z,0,2,1,0,0,0,0,0,0,0,0,0,0,0,0,0,0.0,0.0,0.0,0.0,60,0,141711,0,0,Emile Smith Rowe,60,MID,Arsenal,Leicester,Arsenal
11,13,1,Crystal Palace,6,False,2022-08-05T19:00:00Z,0,2,1,90,0,1,1,0,0,0,0,0,0,0,0,10,1.8,7.6,36.0,4.5,80,0,1772492,0,0,Bukayo Saka,80,MID,Arsenal,Leicester,Arsenal
12,14,1,Crystal Palace,0,False,2022-08-05T19:00:00Z,0,2,1,0,0,0,0,0,0,0,0,0,0,0,0,0,0.0,0.0,0.0,0.0,45,0,172673,0,0,Takehiro Tomiyasu,45,DEF,Arsenal,Leicester,Arsenal
13,15,1,Crystal Palace,6,False,2022-08-05T19:00:00Z,0,2,1,90,0,0,1,0,0,0,0,0,0,2,0,25,19.0,0.0,0.0,1.9,50,0,1128297,0,0,Aaron Ramsdale,50,GKP,Arsenal,Leicester,Arsenal
14,16,1,Crystal Palace,7,False,2022-08-05T19:00:00Z,0,2,1,90,0,0,1,0,0,0,0,0,0,0,1,26,24.2,0.6,2.0,2.7,50,0,689975,0,0,Gabriel dos Santos Magalhães,50,DEF,Arsenal,Leicester,Arsenal
15,17,1,Crystal Palace,0,False,2022-08-05T19:00:00Z,0,2,1,0,0,0,0,0,0,0,0,0,0,0,0,0,0.0,0.0,0.0,0.0,45,0,2728,0,0,Nuno Varela Tavares,45,DEF,Arsenal,Leicester,Arsenal
16,18,1,Crystal Palace,1,False,2022-08-05T19:00:00Z,0,2,1,1,0,0,0,0,0,0,0,0,0,0,0,3,0.0,0.0,0.0,0.0,45,0,19266,0,0,Albert Sambi Lokonga,45,MID,Arsenal,Leicester,Arsenal
17,19,1,Crystal Palace,8,False,2022-08-05T19:00:00Z,0,2,1,90,1,0,1,0,0,0,0,0,0,0,0,23,38.2,15.2,39.0,9.2,60,0,1728741,0,0,Gabriel Martinelli Silva,60,MID,Arsenal,Leicester,Arsenal
18,20,1,Crystal Palace,0,False,2022-08-05T19:00:00Z,0,2,1,0,0,0,0,0,0,0,0,0,0,0,0,0,0.0,0.0,0.0,0.0,45,0,4463,0,0,Pablo Marí Villar,45,DEF,Arsenal,Leicester,Arsenal
19,21,1,Crystal Palace,0,False,2022-08-05T19:00:00Z,0,2,1,0,0,0,0,0,0,0,0,0,0,0,0,0,0.0,0.0,0.0,0.0,50,0,4894,0,0,Ainsley Maitland-Niles,50,MID,Arsenal,Leicester,Arsenal
20,22,1,Crystal Palace,0,False,2022-08-05T19:00:00Z,0,2,1,0,0,0,0,0,0,0,0,0,0,0,0,0,0.0,0.0,0.0,0.0,45,0,39173,0,0,Lucas Torreira di Pascua,45,MID,Arsenal,Leicester,Arsenal
21,23,1,Crystal Palace,0,False,2022-08-05T19:00:00Z,0,2,1,0,0,0,0,0,0,0,0,0,0,0,0,0,0.0,0.0,0.0,0.0,50,0,2725,0,0,Reiss Nelson,50,MID,Arsenal,Leicester,Arsenal
22,24,1,Crystal Palace,0,False,2022-08-05T19:00:00Z,0,2,1,0,0,0,0,0,0,0,0,0,0,0,0,0,0.0,0.0,0.0,0.0,40,0,60915,0,0,Matt Turner,40,GKP,Arsenal,Leicester,Arsenal
23,25,1,Crystal Palace,0,False,2022-08-05T19:00:00Z,0,2,1,0,0,0,0,0,0,0,0,0,0,0,0,0,0.0,0.0,0.0,0.0,60,0,15311,0,0,Fábio Ferreira Vieira,60,MID,Arsenal,Leicester,Arsenal
24,26,1,Crystal Palace,8,False,2022-08-05T19:00:00Z,0,2,1,90,0,0,1,0,0,0,0,0,0,0,2,30,22.2,0.1,0.0,2.2,45,0,163701,0,0,William Saliba,45,DEF,Arsenal,Leicester,Arsenal
25,27,1,Crystal Palace,0,False,2022-08-05T19:00:00Z,0,2,1,0,0,0,0,0,0,0,0,0,0,0,0,0,0.0,0.0,0.0,0.0,50,0,8331,0,0,Marcus Oliveira Alencar,50,MID,Arsenal,Leicester,Arsenal
26,28,1,Crystal Palace,2,False,2022-08-05T19:00:00Z,0,2,1,82,0,0,1,0,0,0,0,0,0,0,0,7,7.4,3.2,38.0,4.9,80,0,6018571,0,0,Gabriel Fernando de Jesus,80,FWD,Arsenal,Leicester,Arsenal
27,313,1,Crystal Palace,12,False,2022-08-05T19:00:00Z,0,2,1,82,0,1,1,0,0,0,0,0,0,0,3,38,40.0,23.3,21.0,8.4,50,0,1170032,0,0,Oleksandr Zinchenko,51,DEF,Arsenal,Leicester,Arsenal
28,29,2,Bournemouth,2,False,2022-08-06T14:00:00Z,2,0,1,81,0,0,0,2,0,0,0,0,0,0,0,7,3.0,19.9,21.0,4.4,70,0,1342560,0,0,Philippe Coutinho Correia,70,MID,Aston Villa,Everton,Aston Villa
29,30,2,Bournemouth,1,False,2022-08-06T14:00:00Z,2,0,1,65,0,0,0,1,0,0,0,1,0,0,0,0,1.0,12.5,33.0,4.7,70,0,180366,0,0,Danny Ings,70,FWD,Aston Villa,Everton,Aston Villa
30,31,2,Bournemouth,1,False,2022-08-06T14:00:00Z,2,0,1,90,0,0,0,2,0,0,0,0,0,1,0,10,9.2,0.0,0.0,0.9,50,0,476293,0,0,Emiliano Martínez Romero,50,GKP,Aston Villa,Everton,Aston Villa
31,32,2,Bournemouth,0,False,2022-08-06T14:00:00Z,2,0,1,0,0,0,0,0,0,0,0,0,0,0,0,0,0.0,0.0,0.0,0.0,45,0,23881,0,0,Calum Chambers,45,DEF,Aston Villa,Everton,Aston Villa
32,33,2,Bournemouth,1,False,2022-08-06T14:00:00Z,2,0,1,90,0,0,0,2,0,0,0,0,0,0,0,11,13.2,22.4,8.0,4.4,50,0,342130,0,0,Lucas Digne,50,DEF,Aston Villa,Everton,Aston Villa
33,34,2,Bournemouth,0,False,2022-08-06T14:00:00Z,2,0,1,0,0,0,0,0,0,0,0,0,0,0,0,0,0.0,0.0,0.0,0.0,50,0,16145,0,0,Bertrand Traoré,50,MID,Aston Villa,Everton,Aston Villa
34,35,2,Bournemouth,0,False,2022-08-06T14:00:00Z,2,0,1,0,0,0,0,0,0,0,0,0,0,0,0,0,0.0,0.0,0.0,0.0,40,0,159116,0,0,Robin Olsen,40,GKP,Aston Villa,Everton,Aston Villa
35,36,2,Bournemouth,0,False,2022-08-06T14:00:00Z,2,0,1,0,0,0,0,0,0,0,0,0,0,0,0,0,0.0,0.0,0.0,0.0,45,0,24272,0,0,Morgan Sanson,45,MID,Aston Villa,Everton,Aston Villa
36,37,2,Bournemouth,2,False,2022-08-06T14:00:00Z,2,0,1,90,0,0,0,2,0,0,0,0,0,0,0,16,9.6,4.0,17.0,3.1,55,0,159781,0,0,John McGinn,55,MID,Aston Villa,Everton,Aston Villa
37,38,2,Bournemouth,0,False,2022-08-06T14:00:00Z,2,0,1,0,0,0,0,0,0,0,0,0,0,0,0,0,0.0,0.0,0.0,0.0,45,0,3746,0,0,Kortney Hause,45,DEF,Aston Villa,Everton,Aston Villa
38,39,2,Bournemouth,0,False,2022-08-06T14:00:00Z,2,0,1,0,0,0,0,0,0,0,0,0,0,0,0,0,0.0,0.0,0.0,0.0,45,0,573589,0,0,Tyrone Mings,45,DEF,Aston Villa,Everton,Aston Villa
39,40,2,Bournemouth,1,False,2022-08-06T14:00:00Z,2,0,1,24,0,0,0,1,0,0,0,0,0,0,0,3,2.0,11.8,2.0,1.6,75,0,324554,0,0,Ollie Watkins,75,FWD,Aston Villa,Everton,Aston Villa
40,41,2,Bournemouth,0,False,2022-08-06T14:00:00Z,2,0,1,0,0,0,0,0,0,0,0,0,0,0,0,0,0.0,0.0,0.0,0.0,45,0,16834,0,0,Marvelous Nakamba,45,MID,Aston Villa,Everton,Aston Villa
41,42,2,Bournemouth,1,False,2022-08-06T14:00:00Z,2,0,1,45,0,0,0,1,0,0,0,0,0,0,0,8,4.8,15.8,2.0,2.3,60,0,42305,0,0,Emiliano Buendía Stati,60,MID,Aston Villa,Everton,Aston Villa
42,43,2,Bournemouth,1,False,2022-08-06T14:00:00Z,2,0,1,90,0,0,0,2,0,0,0,0,0,0,0,15,13.2,11.0,10.0,3.4,50,0,1603398,0,0,Matty Cash,50,DEF,Aston Villa,Everton,Aston Villa
43,44,2,Bournemouth,1,False,2022-08-06T14:00:00Z,2,0,1,90,0,0,0,2,0,0,0,0,0,0,0,16,20.8,1.3,0.0,2.2,45,0,22328,0,0,Ezri Konsa Ngoyo,45,DEF,Aston Villa,Everton,Aston Villa
44,45,2,Bournemouth,2,False,2022-08-06T14:00:00Z,2,0,1,90,0,0,0,2,0,0,0,0,0,0,0,8,12.8,31.9,22.0,6.7,50,0,1449758,0,0,Leon Bailey,50,MID,Aston Villa,Everton,Aston Villa
45,46,2,Bournemouth,0,False,2022-08-06T14:00:00Z,2,0,1,8,0,0,0,0,0,0,0,1,0,0,0,-1,0.0,2.3,8.0,1.0,50,0,60038,0,0,Douglas Luiz Soares de Paulo,50,MID,Aston Villa,Everton,Aston Villa
46,47,2,Bournemouth,0,False,2022-08-06T14:00:00Z,2,0,1,45,0,0,0,1,0,0,0,1,0,0,0,11,10.0,22.3,8.0,4.0,55,0,172950,0,0,Jacob Ramsey,55,MID,Aston Villa,Everton,Aston Villa
47,49,2,Bournemouth,0,False,2022-08-06T14:00:00Z,2,0,1,0,0,0,0,0,0,0,0,0,0,0,0,0,0.0,0.0,0.0,0.0,45,0,2562,0,0,Tim Iroegbunam,45,MID,Aston Villa,Everton,Aston Villa
48,50,2,Bournemouth,1,False,2022-08-06T14:00:00Z,2,0,1,90,0,0,0,2,0,0,0,0,0,0,0,8,9.2,1.5,3.0,1.4,50,0,92038,0,0,Diego Carlos Santos Silva,50,DEF,Aston Villa,Everton,Aston Villa
49,51,2,Bournemouth,0,False,2022-08-06T14:00:00Z,2,0,1,0,0,0,0,0,0,0,0,0,0,0,0,0,0.0,0.0,0.0,0.0,50,0,10833,0,0,Anwar El Ghazi,50,MID,Aston Villa,Everton,Aston Villa
50,52,2,Bournemouth,0,False,2022-08-06T14:00:00Z,2,0,1,0,0,0,0,0,0,0,0,0,0,0,0,0,0.0,0.0,0.0,0.0,55,0,16243,0,0,Keinan Davis,55,FWD,Aston Villa,Everton,Aston Villa
51,53,2,Bournemouth,2,False,2022-08-06T14:00:00Z,2,0,1,81,0,0,0,2,0,0,0,0,0,0,0,8,5.6,3.8,5.0,1.4,50,0,12140,0,0,Boubacar Kamara,50,MID,Aston Villa,Everton,Aston Villa
52,54,2,Bournemouth,1,False,2022-08-06T14:00:00Z,2,0,1,8,0,0,0,0,0,0,0,0,0,0,0,3,0.0,1.3,2.0,0.3,45,0,617143,0,0,Cameron Archer,45,FWD,Aston Villa,Everton,Aston Villa
53,55,2,Bournemouth,0,False,2022-08-06T14:00:00Z,2,0,1,0,0,0,0,0,0,0,0,0,0,0,0,0,0.0,0.0,0.0,0.0,45,0,597,0,0,Jaden Philogene-Bidace,45,MID,Aston Villa,Everton,Aston Villa
54,56,2,Bournemouth,0,False,2022-08-06T14:00:00Z,2,0,1,0,0,0,0,0,0,0,0,0,0,0,0,0,0.0,0.0,0.0,0.0,40,0,60738,0,0,Frédéric Guilbert,40,DEF,Aston Villa,Everton,Aston Villa
55,525,2,Bournemouth,0,False,2022-08-06T14:00:00Z,2,0,1,0,0,0,0,0,0,0,0,0,0,0,0,0,0.0,0.0,0.0,0.0,45,0,5642,0,0,Ludwig Augustinsson,45,DEF,Aston Villa,Everton,Aston Villa
56,537,2,Bournemouth,0,False,2022-08-06T14:00:00Z,2,0,1,0,0,0,0,0,0,0,0,0,0,0,0,0,0.0,0.0,0.0,0.0,40,0,8744,0,0,Kaine Kesler Hayden,40,DEF,Aston Villa,Everton,Aston Villa
57,538,2,Bournemouth,0,False,2022-08-06T14:00:00Z,2,0,1,0,0,0,0,0,0,0,0,0,0,0,0,0,0.0,0.0,0.0,0.0,45,0,8673,0,0,Ashley Young,45,DEF,Aston Villa,Everton,Aston Villa
58,57,2,Aston Villa,5,True,2022-08-06T14:00:00Z,2,0,1,90,0,0,1,0,0,0,0,1,0,0,0,13,6.2,1.3,4.0,1.2,45,0,12696,0,0,Adam Smith,45,DEF,Man City,Bournemouth,Bournemouth
59,58,2,Aston Villa,1,True,2022-08-06T14:00:00Z,2,0,1,1,0,0,0,0,0,0,0,0,0,0,0,3,0.0,0.0,0.0,0.0,50,0,9491,0,0,Junior Stanislas,50,MID,Man City,Bournemouth,Bournemouth
60,59,2,Aston Villa,0,True,2022-08-06T14:00:00Z,2,0,1,0,0,0,0,0,0,0,0,0,0,0,0,0,0.0,0.0,0.0,0.0,45,0,3897,0,0,Ryan Fredericks,45,DEF,Man City,Bournemouth,Bournemouth
61,60,2,Aston Villa,0,True,2022-08-06T14:00:00Z,2,0,1,0,0,0,0,0,0,0,0,0,0,0,0,0,0.0,0.0,0.0,0.0,55,0,4165,0,0,David Brooks,55,MID,Man City,Bournemouth,Bournemouth
62,61,2,Aston Villa,0,True,2022-08-06T14:00:00Z,2,0,1,0,0,0,0,0,0,0,0,0,0,0,0,0,0.0,0.0,0.0,0.0,55,0,4561,0,0,Jamal Lowe,55,MID,Man City,Bournemouth,Bournemouth
63,62,2,Aston Villa,6,True,2022-08-06T14:00:00Z,2,0,1,90,1,0,1,0,0,0,0,0,0,0,0,27,35.0,5.8,17.0,5.8,55,0,20629,0,0,Kieffer Moore,55,FWD,Man City,Bournemouth,Bournemouth
64,63,2,Aston Villa,0,True,2022-08-06T14:00:00Z,2,0,1,0,0,0,0,0,0,0,0,0,0,0,0,0,0.0,0.0,0.0,0.0,50,0,1706,0,0,Emiliano Marcondes,50,MID,Man City,Bournemouth,Bournemouth
65,64,2,Aston Villa,10,True,2022-08-06T14:00:00Z,2,0,1,90,1,0,1,0,0,0,0,0,0,0,2,30,42.0,0.2,17.0,5.9,50,0,3496,0,0,Jefferson Lerma Solís,50,MID,Man City,Bournemouth,Bournemouth
66,65,2,Aston Villa,0,True,2022-08-06T14:00:00Z,2,0,1,0,0,0,0,0,0,0,0,0,0,0,0,0,0.0,0.0,0.0,0.0,45,0,4613,0,0,Jack Stacey,45,DEF,Man City,Bournemouth,Bournemouth
67,66,2,Aston Villa,2,True,2022-08-06T14:00:00Z,2,0,1,90,0,0,1,0,0,0,0,0,0,0,0,2,4.4,0.6,43.0,4.8,60,0,102656,0,0,Dominic Solanke,60,FWD,Man City,Bournemouth,Bournemouth
68,67,2,Aston Villa,1,True,2022-08-06T14:00:00Z,2,0,1,18,0,0,0,0,0,0,0,0,0,0,0,4,7.2,0.3,0.0,0.8,50,0,4802,0,0,Lewis Cook,50,MID,Man City,Bournemouth,Bournemouth
69,68,2,Aston Villa,2,True,2022-08-06T14:00:00Z,2,0,1,71,0,0,1,0,0,0,0,1,0,0,0,3,4.2,1.3,0.0,0.6,45,0,14038,0,0,Ben Pearson,45,MID,Man City,Bournemouth,Bournemouth
70,69,2,Aston Villa,1,True,2022-08-06T14:00:00Z,2,0,1,4,0,0,0,0,0,0,0,0,0,0,0,1,0.0,0.3,0.0,0.0,55,0,6183,0,0,Ryan Christie,55,MID,Man City,Bournemouth,Bournemouth
71,70,2,Aston Villa,2,True,2022-08-06T14:00:00Z,2,0,1,90,0,0,1,0,0,0,0,1,0,0,0,10,22.2,1.0,4.0,2.7,55,0,13415,0,0,Philip Billing,55,MID,Man City,Bournemouth,Bournemouth
72,71,2,Aston Villa,7,True,2022-08-06T14:00:00Z,2,0,1,90,0,0,1,0,0,0,0,0,0,0,1,29,37.0,0.1,0.0,3.7,45,0,4990,0,0,Chris Mepham,45,DEF,Man City,Bournemouth,Bournemouth
73,72,2,Aston Villa,6,True,2022-08-06T14:00:00Z,2,0,1,90,0,0,1,0,0,0,0,0,0,2,0,24,14.6,0.0,0.0,1.5,45,0,24837,0,0,Mark Travers,45,GKP,Man City,Bournemouth,Bournemouth
74,73,2,Aston Villa,12,True,2022-08-06T14:00:00Z,2,0,1,90,0,1,1,0,0,0,0,0,0,0,3,40,49.6,14.1,2.0,6.6,45,0,8029,0,0,Lloyd Kelly,45,DEF,Man City,Bournemouth,Bournemouth
75,74,2,Aston Villa,0,True,2022-08-06T14:00:00Z,2,0,1,0,0,0,0,0,0,0,0,0,0,0,0,0,0.0,0.0,0.0,0.0,50,0,8495,0,0,Siriki Dembélé,50,MID,Man City,Bournemouth,Bournemouth
76,75,2,Aston Villa,0,True,2022-08-06T14:00:00Z,2,0,1,0,0,0,0,0,0,0,0,0,0,0,0,0,0.0,0.0,0.0,0.0,55,0,7608,0,0,Jaidon Anthony,55,MID,Man City,Bournemouth,Bournemouth
77,76,2,Aston Villa,6,True,2022-08-06T14:00:00Z,2,0,1,90,0,0,1,0,0,0,0,0,0,0,0,25,21.6,10.7,2.0,3.4,45,0,9212,0,0,Jordan Zemura,45,DEF,Man City,Bournemouth,Bournemouth
78,77,2,Aston Villa,0,True,2022-08-06T14:00:00Z,2,0,1,0,0,0,0,0,0,0,0,0,0,0,0,0,0.0,0.0,0.0,0.0,40,0,53891,0,0,Will Dennis,40,GKP,Man City,Bournemouth,Bournemouth
79,505,2,Aston Villa,0,True,2022-08-06T14:00:00Z,2,0,1,0,0,0,0,0,0,0,0,0,0,0,0,0,0.0,0.0,0.0,0.0,50,0,778,0,0,Joe Rothwell,50,MID,Man City,Bournemouth,Bournemouth
80,535,2,Aston Villa,3,True,2022-08-06T14:00:00Z,2,0,1,85,0,0,1,0,0,0,0,0,0,0,0,20,13.0,42.3,2.0,5.7,50,0,5703,0,0,Marcus Tavernier,50,MID,Man City,Bournemouth,Bournemouth
81,539,2,Aston Villa,0,True,2022-08-06T14:00:00Z,2,0,1,0,0,0,0,0,0,0,0,0,0,0,0,0,0.0,0.0,0.0,0.0,45,0,2032,0,0,James Hill,45,DEF,Man City,Bournemouth,Bournemouth
82,78,6,Leicester,1,False,2022-08-07T13:00:00Z,2,2,1,90,0,0,0,2,0,0,0,0,0,0,0,17,18.2,0.5,0.0,1.9,45,0,186616,0,0,Pontus Jansson,45,DEF,Brentford,Man Utd,Brentford
83,79,6,Leicester,2,False,2022-08-07T13:00:00Z,2,2,1,72,0,0,0,2,0,0,0,0,0,0,0,14,11.2,2.1,0.0,1.3,55,0,23369,0,0,Christian Nørgaard,55,MID,Brentford,Man Utd,Brentford
84,80,6,Leicester,8,False,2022-08-07T13:00:00Z,2,2,1,90,1,0,0,2,0,0,0,0,0,0,2,26,39.0,25.8,23.0,8.8,70,0,438961,0,0,Ivan Toney,70,FWD,Brentford,Man Utd,Brentford
85,81,6,Leicester,2,False,2022-08-07T13:00:00Z,2,2,1,90,0,0,0,2,0,0,0,0,0,3,0,15,19.8,0.0,0.0,2.0,45,0,495719,0,0,David Raya Martin,45,GKP,Brentford,Man Utd,Brentford
86,82,6,Leicester,0,False,2022-08-07T13:00:00Z,2,2,1,0,0,0,0,0,0,0,0,0,0,0,0,0,0.0,0.0,0.0,0.0,50,0,1296,0,0,Sergi Canós Tenés,50,DEF,Brentford,Man Utd,Brentford
87,83,6,Leicester,6,False,2022-08-07T13:00:00Z,2,2,1,31,1,0,0,0,0,0,0,0,0,0,0,20,38.6,1.4,7.0,4.7,45,0,84191,0,0,Josh Dasilva,45,MID,Brentford,Man Utd,Brentford
88,84,6,Leicester,0,False,2022-08-07T13:00:00Z,2,2,1,0,0,0,0,0,0,0,0,0,0,0,0,0,0.0,0.0,0.0,0.0,45,0,2520,0,0,Kristoffer Ajer,45,DEF,Brentford,Man Utd,Brentford
89,85,6,Leicester,4,False,2022-08-07T13:00:00Z,2,2,1,90,0,1,0,2,0,0,0,0,0,0,0,22,20.2,14.8,0.0,3.5,45,0,47144,0,0,Rico Henry,45,DEF,Brentford,Man Utd,Brentford
90,86,6,Leicester,2,False,2022-08-07T13:00:00Z,2,2,1,90,0,0,0,2,0,0,0,0,0,0,0,14,15.2,23.7,2.0,4.1,55,0,4785,0,0,Vitaly Janelt,55,MID,Brentford,Man Utd,Brentford
91,87,6,Leicester,0,False,2022-08-07T13:00:00Z,2,2,1,0,0,0,0,0,0,0,0,0,0,0,0,0,0.0,0.0,0.0,0.0,50,0,1698,0,0,Saman Ghoddos,50,MID,Brentford,Man Utd,Brentford
92,88,6,Leicester,1,False,2022-08-07T13:00:00Z,2,2,1,58,0,0,0,2,0,0,0,0,0,0,0,9,6.2,11.4,0.0,1.8,50,0,4698,0,0,Mathias Jensen,50,MID,Brentford,Man Utd,Brentford
93,89,6,Leicester,2,False,2022-08-07T13:00:00Z,2,2,1,83,0,0,0,2,0,0,0,0,0,0,0,5,0.0,1.5,5.0,0.6,55,0,16404,0,0,Yoane Wissa,55,MID,Brentford,Man Utd,Brentford
94,90,6,Leicester,0,False,2022-08-07T13:00:00Z,2,2,1,0,0,0,0,0,0,0,0,0,0,0,0,0,0.0,0.0,0.0,0.0,45,0,3702,0,0,Mads Roerslev Rasmussen,45,DEF,Brentford,Man Utd,Brentford
95,91,6,Leicester,1,False,2022-08-07T13:00:00Z,2,2,1,6,0,0,0,0,0,0,0,0,0,0,0,3,2.4,0.0,0.0,0.2,45,0,4623,0,0,Mads Bech Sørensen,45,DEF,Brentford,Man Utd,Brentford
96,92,6,Leicester,0,False,2022-08-07T13:00:00Z,2,2,1,0,0,0,0,0,0,0,0,0,0,0,0,0,0.0,0.0,0.0,0.0,45,0,2802,0,0,Ethan Pinnock,45,DEF,Brentford,Man Utd,Brentford
97,93,6,Leicester,0,False,2022-08-07T13:00:00Z,2,2,1,0,0,0,0,0,0,0,0,0,0,0,0,0,0.0,0.0,0.0,0.0,50,0,2931,0,0,Frank Onyeka,50,MID,Brentford,Man Utd,Brentford
98,94,6,Leicester,1,False,2022-08-07T13:00:00Z,2,2,1,17,0,0,0,0,0,0,0,0,0,0,0,5,4.2,0.3,0.0,0.5,45,0,26794,0,0,Shandon Baptiste,45,MID,Brentford,Man Utd,Brentford
99,95,6,Leicester,2,False,2022-08-07T13:00:00Z,2,2,1,90,0,0,0,2,0,0,0,0,0,0,0,13,11.8,15.8,23.0,5.1,60,0,219038,0,0,Bryan Mbeumo,60,FWD,Brentford,Man Utd,Brentford
100,96,6,Leicester,0,False,2022-08-07T13:00:00Z,2,2,1,0,0,0,0,0,0,0,0,0,0,0,0,0,0.0,0.0,0.0,0.0,40,0,52672,0,0,Charlie Goode,40,DEF,Brentford,Man Utd,Brentford
101,97,6,Leicester,0,False,2022-08-07T13:00:00Z,2,2,1,0,0,0,0,0,0,0,0,0,0,0,0,0,0.0,0.0,0.0,0.0,45,0,18037,0,0,Marcus Forss,45,FWD,Brentford,Man Utd,Brentford
102,98,6,Leicester,0,False,2022-08-07T13:00:00Z,2,2,1,0,0,0,0,0,0,0,0,0,0,0,0,0,0.0,0.0,0.0,0.0,40,0,4791,0,0,Dominic Thompson,40,DEF,Brentford,Man Utd,Brentford
103,99,6,Leicester,0,False,2022-08-07T13:00:00Z,2,2,1,0,0,0,0,0,0,0,0,0,0,0,0,0,0.0,0.0,0.0,0.0,45,0,237,0,0,Mads Bidstrup,45,MID,Brentford,Man Utd,Brentford
104,100,6,Leicester,0,False,2022-08-07T13:00:00Z,2,2,1,0,0,0,0,0,0,0,0,0,0,0,0,0,0.0,0.0,0.0,0.0,40,0,15896,0,0,Ellery Balcombe,40,GKP,Brentford,Man Utd,Brentford
105,510,6,Leicester,1,False,2022-08-07T13:00:00Z,2,2,1,83,0,0,0,2,0,0,0,0,0,0,0,8,1.8,2.2,0.0,0.4,50,0,25558,0,0,Aaron Hickey,50,DEF,Brentford,Man Utd,Brentford
106,515,6,Leicester,1,False,2022-08-07T13:00:00Z,2,2,1,31,0,0,0,0,0,0,0,0,0,0,0,3,5.2,0.2,2.0,0.7,55,0,9624,0,0,Keane Lewis-Potter,55,MID,Brentford,Man Utd,Brentford
107,517,6,Leicester,0,False,2022-08-07T13:00:00Z,2,2,1,0,0,0,0,0,0,0,0,0,0,0,0,0,0.0,0.0,0.0,0.0,45,0,18356,0,0,Thomas Strakosha,45,GKP,Brentford,Man Utd,Brentford
108,526,6,Leicester,0,False,2022-08-07T13:00:00Z,2,2,1,58,0,0,0,2,0,0,0,0,0,0,0,9,7.8,1.4,0.0,0.9,45,0,26294,0,0,Ben Mee,45,DEF,Brentford,Man Utd,Brentford
109,540,6,Leicester,0,False,2022-08-07T13:00:00Z,2,2,1,0,0,0,0,0,0,0,0,0,0,0,0,0,0.0,0.0,0.0,0.0,40,0,15679,0,0,Fin Stevens,40,DEF,Brentford,Man Utd,Brentford
110,541,6,Leicester,4,False,2022-08-07T13:00:00Z,2,2,1,6,0,1,0,0,0,0,0,0,0,0,0,11,0.0,0.0,10.0,1.0,45,0,30446,0,0,Halil Dervişoğlu,45,FWD,Brentford,Man Utd,Brentford
111,101,9,Man Utd,2,False,2022-08-07T13:00:00Z,1,2,1,75,0,0,0,1,0,0,0,0,0,0,0,18,16.8,40.8,4.0,6.2,50,0,10196,0,0,Adam Lallana,50,MID,Brighton,Newcastle,Brighton
112,102,9,Man Utd,0,False,2022-08-07T13:00:00Z,1,2,1,0,0,0,0,0,0,0,0,0,0,0,0,0,0.0,0.0,0.0,0.0,40,0,75605,0,0,Jason Steele,40,GKP,Brighton,Newcastle,Brighton
113,103,9,Man Utd,7,False,2022-08-07T13:00:00Z,1,2,1,90,0,1,0,1,0,0,0,0,0,0,2,20,24.8,34.9,52.0,11.2,65,0,34057,0,0,Danny Welbeck,65,FWD,Brighton,Newcastle,Brighton
114,104,9,Man Utd,15,False,2022-08-07T13:00:00Z,1,2,1,90,2,0,0,1,0,0,0,0,0,0,3,44,72.0,19.3,76.0,16.7,55,0,13469,0,0,Pascal Groß,55,MID,Brighton,Newcastle,Brighton
115,106,9,Man Utd,2,False,2022-08-07T13:00:00Z,1,2,1,90,0,0,0,1,0,0,0,0,0,0,0,9,12.2,0.1,4.0,1.6,45,0,147708,0,0,Lewis Dunk,45,DEF,Brighton,Newcastle,Brighton
116,107,9,Man Utd,5,False,2022-08-07T13:00:00Z,1,2,1,90,0,1,0,1,0,0,0,0,0,0,0,15,10.2,2.8,19.0,3.2,50,0,7192,0,0,Solly March,50,MID,Brighton,Newcastle,Brighton
117,108,9,Man Utd,2,False,2022-08-07T13:00:00Z,1,2,1,90,0,0,0,1,0,0,0,0,0,0,0,12,20.2,1.4,17.0,3.9,45,0,8977,0,0,Adam Webster,45,DEF,Brighton,Newcastle,Brighton
118,109,9,Man Utd,2,False,2022-08-07T13:00:00Z,1,2,1,90,0,0,0,1,0,0,0,0,0,0,0,15,25.4,0.8,0.0,2.6,45,0,27438,0,0,Joël Veltman,45,DEF,Brighton,Newcastle,Brighton
119,110,9,Man Utd,0,False,2022-08-07T13:00:00Z,1,2,1,0,0,0,0,0,0,0,0,0,0,0,0,0,0.0,0.0,0.0,0.0,65,0,82551,0,0,Neal Maupay,65,FWD,Brighton,Newcastle,Brighton
120,111,9,Man Utd,1,False,2022-08-07T13:00:00Z,1,2,1,74,0,0,0,1,0,0,0,1,0,0,0,7,8.0,40.9,20.0,6.9,65,0,177238,0,0,Leandro Trossard,65,MID,Brighton,Newcastle,Brighton
121,113,9,Man Utd,4,False,2022-08-07T13:00:00Z,1,2,1,90,0,0,0,1,0,0,0,0,0,5,1,19,40.0,0.0,0.0,4.0,45,0,892941,0,0,Robert Sánchez,45,GKP,Brighton,Newcastle,Brighton
122,114,9,Man Utd,1,False,2022-08-07T13:00:00Z,1,2,1,15,0,0,0,0,0,0,0,0,0,0,0,3,0.2,1.0,2.0,0.3,45,0,220176,0,0,Tariq Lamptey,45,DEF,Brighton,Newcastle,Brighton
123,115,9,Man Utd,0,False,2022-08-07T13:00:00Z,1,2,1,0,0,0,0,0,0,0,0,0,0,0,0,0,0.0,0.0,0.0,0.0,45,0,17451,0,0,Steven Alzate,45,MID,Brighton,Newcastle,Brighton
124,116,9,Man Utd,0,False,2022-08-07T13:00:00Z,1,2,1,90,0,0,0,1,1,0,0,0,0,0,0,1,0.0,1.6,9.0,1.1,55,0,14464,0,0,Alexis Mac Allister,55,MID,Brighton,Newcastle,Brighton
125,117,9,Man Utd,0,False,2022-08-07T13:00:00Z,1,2,1,0,0,0,0,0,0,0,0,0,0,0,0,0,0.0,0.0,0.0,0.0,45,0,3484,0,0,Jakub Moder,45,MID,Brighton,Newcastle,Brighton
126,118,9,Man Utd,1,False,2022-08-07T13:00:00Z,1,2,1,14,0,0,0,0,0,0,0,0,0,0,0,5,9.2,11.8,0.0,2.1,55,0,10644,0,0,Enock Mwepu,55,MID,Brighton,Newcastle,Brighton
127,119,9,Man Utd,0,False,2022-08-07T13:00:00Z,1,2,1,0,0,0,0,0,0,0,0,0,0,0,0,0,0.0,0.0,0.0,0.0,45,0,7761,0,0,Jeremy Sarmiento Morante,45,MID,Brighton,Newcastle,Brighton
128,120,9,Man Utd,2,False,2022-08-07T13:00:00Z,1,2,1,90,0,0,0,1,0,0,0,0,0,0,0,17,24.8,36.8,4.0,6.6,50,0,7058,0,0,Moisés Caicedo Corozo,50,MID,Brighton,Newcastle,Brighton
129,121,9,Man Utd,0,False,2022-08-07T13:00:00Z,1,2,1,0,0,0,0,0,0,0,0,0,0,0,0,0,0.0,0.0,0.0,0.0,45,0,830,0,0,Taylor Richards,45,MID,Brighton,Newcastle,Brighton
130,122,9,Man Utd,0,False,2022-08-07T13:00:00Z,1,2,1,0,0,0,0,0,0,0,0,0,0,0,0,0,0.0,0.0,0.0,0.0,40,0,1005,0,0,Haydon Roberts,40,DEF,Brighton,Newcastle,Brighton
131,123,9,Man Utd,1,False,2022-08-07T13:00:00Z,1,2,1,1,0,0,0,0,0,0,0,0,0,0,0,2,0.0,0.0,0.0,0.0,55,0,71544,0,0,Deniz Undav,55,FWD,Brighton,Newcastle,Brighton
132,124,9,Man Utd,0,False,2022-08-07T13:00:00Z,1,2,1,0,0,0,0,0,0,0,0,0,0,0,0,0,0.0,0.0,0.0,0.0,50,0,3959,0,0,Kaoru Mitoma,50,MID,Brighton,Newcastle,Brighton
133,125,9,Man Utd,0,False,2022-08-07T13:00:00Z,1,2,1,0,0,0,0,0,0,0,0,0,0,0,0,0,0.0,0.0,0.0,0.0,50,0,35773,0,0,Julio Enciso,50,FWD,Brighton,Newcastle,Brighton
134,126,9,Man Utd,0,False,2022-08-07T13:00:00Z,1,2,1,0,0,0,0,0,0,0,0,0,0,0,0,0,0.0,0.0,0.0,0.0,45,0,6650,0,0,Kacper Kozłowski,45,MID,Brighton,Newcastle,Brighton
135,542,9,Man Utd,0,False,2022-08-07T13:00:00Z,1,2,1,0,0,0,0,0,0,0,0,0,0,0,0,0,0.0,0.0,0.0,0.0,40,0,6488,0,0,Kjell Scherpen,40,GKP,Brighton,Newcastle,Brighton
136,543,9,Man Utd,0,False,2022-08-07T13:00:00Z,1,2,1,0,0,0,0,0,0,0,0,0,0,0,0,0,0.0,0.0,0.0,0.0,40,0,14644,0,0,Matt Clarke,40,DEF,Brighton,Newcastle,Brighton
137,544,9,Man Utd,0,False,2022-08-07T13:00:00Z,1,2,1,0,0,0,0,0,0,0,0,0,0,0,0,0,0.0,0.0,0.0,0.0,40,0,13447,0,0,Jan Paul van Hecke,40,DEF,Brighton,Newcastle,Brighton
138,559,9,Man Utd,1,False,2022-08-07T13:00:00Z,1,2,1,1,0,0,0,0,0,0,0,0,0,0,0,3,0.2,0.1,0.0,0.0,45,0,2027,0,0,Levi Colwill,45,DEF,Brighton,Newcastle,Brighton
139,48,3,Everton,0,False,2022-08-06T16:30:00Z,0,1,1,0,0,0,0,0,0,0,0,0,0,0,0,0,0.0,0.0,0.0,0.0,45,0,55909,0,0,Carney Chukwuemeka,45,MID,Chelsea,Spurs,Chelsea
140,112,3,Everton,0,False,2022-08-06T16:30:00Z,0,1,1,15,0,0,0,0,0,0,0,1,0,0,0,8,7.0,19.2,0.0,2.6,50,0,690746,0,0,Marc Cucurella Saseta,50,DEF,Chelsea,Spurs,Chelsea
141,127,3,Everton,7,False,2022-08-06T16:30:00Z,0,1,1,90,0,0,1,0,0,0,0,0,0,0,1,30,19.0,25.9,2.0,4.7,50,0,106633,0,0,César Azpilicueta,50,DEF,Chelsea,Spurs,Chelsea
142,128,3,Everton,6,False,2022-08-06T16:30:00Z,0,1,1,90,0,0,1,0,0,0,0,0,0,0,0,27,25.0,1.8,0.0,2.7,55,0,501183,0,0,Thiago Emiliano da Silva,55,DEF,Chelsea,Spurs,Chelsea
143,129,3,Everton,0,False,2022-08-06T16:30:00Z,0,1,1,0,0,0,0,0,0,0,0,0,0,0,0,0,0.0,0.0,0.0,0.0,55,0,292906,0,0,Marcos Alonso,55,DEF,Chelsea,Spurs,Chelsea
144,130,3,Everton,11,False,2022-08-06T16:30:00Z,0,1,1,90,1,0,1,0,0,0,0,0,0,0,3,32,39.0,18.1,19.0,7.6,60,0,114916,0,0,Jorge Luiz Frello Filho,60,MID,Chelsea,Spurs,Chelsea
145,131,3,Everton,0,False,2022-08-06T16:30:00Z,0,1,1,0,0,0,0,0,0,0,0,0,0,0,0,0,0.0,0.0,0.0,0.0,50,0,4870,0,0,Ross Barkley,50,MID,Chelsea,Spurs,Chelsea
146,132,3,Everton,0,False,2022-08-06T16:30:00Z,0,1,1,0,0,0,0,0,0,0,0,0,0,0,0,0,0.0,0.0,0.0,0.0,50,0,68622,0,0,Mateo Kovacic,50,MID,Chelsea,Spurs,Chelsea
147,133,3,Everton,0,False,2022-08-06T16:30:00Z,0,1,1,0,0,0,0,0,0,0,0,0,0,0,0,0,0.0,0.0,0.0,0.0,45,0,18525,0,0,Kepa Arrizabalaga,45,GKP,Chelsea,Spurs,Chelsea
148,134,3,Everton,3,False,2022-08-06T16:30:00Z,0,1,1,90,0,0,1,0,0,0,0,0,0,0,0,18,27.4,31.3,9.0,6.8,50,0,281900,0,0,N'Golo Kanté,50,MID,Chelsea,Spurs,Chelsea
149,135,3,Everton,0,False,2022-08-06T16:30:00Z,0,1,1,0,0,0,0,0,0,0,0,0,0,0,0,0,0.0,0.0,0.0,0.0,60,0,38232,0,0,Hakim Ziyech,60,MID,Chelsea,Spurs,Chelsea
150,136,3,Everton,1,False,2022-08-06T16:30:00Z,0,1,1,25,0,0,0,0,0,0,0,0,0,0,0,1,5.6,0.8,0.0,0.6,50,0,8103,0,0,Ruben Loftus-Cheek,50,MID,Chelsea,Spurs,Chelsea
151,137,3,Everton,0,False,2022-08-06T16:30:00Z,0,1,1,0,0,0,0,0,0,0,0,0,0,0,0,0,0.0,0.0,0.0,0.0,80,0,59796,0,0,Timo Werner,80,FWD,Chelsea,Spurs,Chelsea
152,138,3,Everton,0,False,2022-08-06T16:30:00Z,0,1,1,0,0,0,0,0,0,0,0,0,0,0,0,0,0.0,0.0,0.0,0.0,40,0,29579,0,0,Robert Kenedy Nunes do Nascimento,40,DEF,Chelsea,Spurs,Chelsea
153,139,3,Everton,9,False,2022-08-06T16:30:00Z,0,1,1,64,0,1,1,0,0,0,0,0,0,0,0,27,3.2,4.7,2.0,1.0,60,0,280300,0,0,Ben Chilwell,60,DEF,Chelsea,Spurs,Chelsea
154,140,3,Everton,1,False,2022-08-06T16:30:00Z,0,1,1,25,0,0,0,0,0,0,0,0,0,0,0,7,2.0,0.4,4.0,0.6,60,0,58532,0,0,Christian Pulisic,60,MID,Chelsea,Spurs,Chelsea
155,141,3,Everton,0,False,2022-08-06T16:30:00Z,0,1,1,0,0,0,0,0,0,0,0,0,0,0,0,0,0.0,0.0,0.0,0.0,50,0,55821,0,0,Trevoh Chalobah,50,DEF,Chelsea,Spurs,Chelsea
156,142,3,Everton,3,False,2022-08-06T16:30:00Z,0,1,1,64,0,0,1,0,0,0,0,0,0,0,0,5,8.6,5.0,23.0,3.7,80,0,808300,0,0,Mason Mount,80,MID,Chelsea,Spurs,Chelsea
157,143,3,Everton,0,False,2022-08-06T16:30:00Z,0,1,1,0,0,0,0,0,0,0,0,0,0,0,0,0,0.0,0.0,0.0,0.0,50,0,12350,0,0,Malang Sarr,50,DEF,Chelsea,Spurs,Chelsea
158,144,3,Everton,0,False,2022-08-06T16:30:00Z,0,1,1,0,0,0,0,0,0,0,0,0,0,0,0,0,0.0,0.0,0.0,0.0,55,0,8599,0,0,Callum Hudson-Odoi,55,MID,Chelsea,Spurs,Chelsea
159,145,3,Everton,2,False,2022-08-06T16:30:00Z,0,1,1,74,0,0,1,0,0,0,0,0,0,0,0,1,1.6,4.4,47.0,5.3,80,0,356575,0,0,Kai Havertz,80,FWD,Chelsea,Spurs,Chelsea
160,146,3,Everton,7,False,2022-08-06T16:30:00Z,0,1,1,90,0,0,1,0,0,0,0,1,0,0,2,31,16.4,50.9,19.0,8.6,60,0,3202426,0,0,Reece James,60,DEF,Chelsea,Spurs,Chelsea
161,147,3,Everton,7,False,2022-08-06T16:30:00Z,0,1,1,90,0,0,1,0,0,0,0,0,0,3,0,28,27.8,0.0,0.0,2.8,50,0,1595369,0,0,Edouard Mendy,50,GKP,Chelsea,Spurs,Chelsea
162,148,3,Everton,1,False,2022-08-06T16:30:00Z,0,1,1,1,0,0,0,0,0,0,0,0,0,0,0,3,2.2,0.5,0.0,0.3,60,0,153243,0,0,Conor Gallagher,60,MID,Chelsea,Spurs,Chelsea
163,149,3,Everton,0,False,2022-08-06T16:30:00Z,0,1,1,0,0,0,0,0,0,0,0,0,0,0,0,0,0.0,0.0,0.0,0.0,45,0,55834,0,0,Billy Gilmour,45,MID,Chelsea,Spurs,Chelsea
164,150,3,Everton,1,False,2022-08-06T16:30:00Z,0,1,1,15,0,0,0,0,0,0,0,0,0,0,0,3,5.2,0.3,19.0,2.5,55,0,124903,0,0,Armando Broja,55,FWD,Chelsea,Spurs,Chelsea
165,151,3,Everton,0,False,2022-08-06T16:30:00Z,0,1,1,0,0,0,0,0,0,0,0,0,0,0,0,0,0.0,0.0,0.0,0.0,45,0,6968,0,0,Ethan Ampadu,45,DEF,Chelsea,Spurs,Chelsea
166,304,3,Everton,3,False,2022-08-06T16:30:00Z,0,1,1,90,0,0,1,0,0,0,0,0,0,0,0,-1,7.0,29.8,56.0,9.3,100,0,530944,0,0,Raheem Sterling,100,MID,Chelsea,Spurs,Chelsea
167,520,3,Everton,6,False,2022-08-06T16:30:00Z,0,1,1,74,0,0,1,0,0,0,0,0,0,0,0,24,18.4,3.1,17.0,3.9,55,0,696788,0,0,Kalidou Koulibaly,55,DEF,Chelsea,Spurs,Chelsea
168,545,3,Everton,0,False,2022-08-06T16:30:00Z,0,1,1,0,0,0,0,0,0,0,0,0,0,0,0,0,0.0,0.0,0.0,0.0,40,0,25925,0,0,Emerson Palmieri dos Santos,40,DEF,Chelsea,Spurs,Chelsea
169,152,1,Arsenal,1,True,2022-08-05T19:00:00Z,0,2,1,90,0,0,0,2,0,0,0,0,0,1,0,15,13.8,0.0,0.0,1.4,45,0,120146,0,0,Vicente Guaita,45,GKP,Liverpool,Crystal Palace,Crystal Palace
170,153,1,Arsenal,0,True,2022-08-05T19:00:00Z,0,2,1,0,0,0,0,0,0,0,0,0,0,0,0,0,0.0,0.0,0.0,0.0,40,0,99097,0,0,James Tomkins,40,DEF,Liverpool,Crystal Palace,Crystal Palace
171,154,1,Arsenal,0,True,2022-08-05T19:00:00Z,0,2,1,0,0,0,0,0,0,0,0,0,0,0,0,0,0.0,0.0,0.0,0.0,50,0,1347,0,0,James McArthur,50,MID,Liverpool,Crystal Palace,Crystal Palace
172,155,1,Arsenal,0,True,2022-08-05T19:00:00Z,0,2,1,0,0,0,0,0,0,0,0,0,0,0,0,0,0.0,0.0,0.0,0.0,55,0,84444,0,0,Christian Benteke,55,FWD,Liverpool,Crystal Palace,Crystal Palace
173,156,1,Arsenal,0,True,2022-08-05T19:00:00Z,0,2,1,0,0,0,0,0,0,0,0,0,0,0,0,0,0.0,0.0,0.0,0.0,45,0,17168,0,0,Joel Ward,45,DEF,Liverpool,Crystal Palace,Crystal Palace
174,157,1,Arsenal,0,True,2022-08-05T19:00:00Z,0,2,1,90,0,0,0,2,0,0,0,1,0,0,0,9,8.4,14.1,0.0,2.3,45,0,11649,0,0,Nathaniel Clyne,45,DEF,Liverpool,Crystal Palace,Crystal Palace
175,158,1,Arsenal,1,True,2022-08-05T19:00:00Z,0,2,1,15,0,0,0,1,0,0,0,0,0,0,0,3,0.8,1.4,0.0,0.2,45,0,54854,0,0,Luka Milivojevic,45,MID,Liverpool,Crystal Palace,Crystal Palace
176,159,1,Arsenal,2,True,2022-08-05T19:00:00Z,0,2,1,90,0,0,0,2,0,0,0,0,0,0,0,5,16.4,37.3,20.0,7.4,55,0,22658,0,0,Jordan Ayew,55,MID,Liverpool,Crystal Palace,Crystal Palace
177,160,1,Arsenal,2,True,2022-08-05T19:00:00Z,0,2,1,90,0,0,0,2,0,0,0,0,0,0,0,16,13.6,30.4,32.0,7.6,70,0,624984,0,0,Wilfried Zaha,70,MID,Liverpool,Crystal Palace,Crystal Palace
178,161,1,Arsenal,2,True,2022-08-05T19:00:00Z,0,2,1,85,0,0,0,2,0,0,0,0,0,0,0,11,13.4,7.0,32.0,5.2,50,0,16304,0,0,Jeffrey Schlupp,50,MID,Liverpool,Crystal Palace,Crystal Palace
179,162,1,Arsenal,0,True,2022-08-05T19:00:00Z,0,2,1,0,0,0,0,0,0,0,0,0,0,0,0,0,0.0,0.0,0.0,0.0,45,0,11149,0,0,Jack Butland,45,GKP,Liverpool,Crystal Palace,Crystal Palace
180,163,1,Arsenal,1,True,2022-08-05T19:00:00Z,0,2,1,4,0,0,0,0,0,0,0,0,0,0,0,2,0.0,0.3,4.0,0.4,50,0,2729,0,0,Will Hughes,50,MID,Liverpool,Crystal Palace,Crystal Palace
181,164,1,Arsenal,0,True,2022-08-05T19:00:00Z,0,2,1,0,0,0,0,0,0,0,0,0,0,0,0,0,0.0,0.0,0.0,0.0,45,0,5160,0,0,Jairo Riedewald,45,MID,Liverpool,Crystal Palace,Crystal Palace
182,165,1,Arsenal,1,True,2022-08-05T19:00:00Z,0,2,1,90,0,0,0,2,0,0,0,0,0,0,0,20,37.4,12.2,6.0,5.6,45,0,218564,0,0,Joachim Andersen,45,DEF,Liverpool,Crystal Palace,Crystal Palace
183,166,1,Arsenal,1,True,2022-08-05T19:00:00Z,0,2,1,57,0,0,0,1,0,0,0,0,0,0,0,-5,3.0,1.5,55.0,6.0,55,0,273605,0,0,Odsonne Edouard,55,FWD,Liverpool,Crystal Palace,Crystal Palace
184,167,1,Arsenal,-1,True,2022-08-05T19:00:00Z,0,2,1,90,0,0,0,2,1,0,0,0,0,0,0,7,16.6,1.4,0.0,1.8,45,0,178083,0,0,Marc Guéhi,45,DEF,Liverpool,Crystal Palace,Crystal Palace
185,168,1,Arsenal,1,True,2022-08-05T19:00:00Z,0,2,1,32,0,0,0,1,0,0,0,0,0,0,0,2,0.0,11.2,10.0,2.0,55,0,67462,0,0,Jean-Philippe Mateta,55,FWD,Liverpool,Crystal Palace,Crystal Palace
186,169,1,Arsenal,2,True,2022-08-05T19:00:00Z,0,2,1,85,0,0,0,2,0,0,0,0,0,0,0,7,6.8,8.1,21.0,3.6,55,0,74770,0,0,Eberechi Eze,55,MID,Liverpool,Crystal Palace,Crystal Palace
187,170,1,Arsenal,1,True,2022-08-05T19:00:00Z,0,2,1,90,0,0,0,2,0,0,0,0,0,0,0,11,13.8,1.9,0.0,1.6,45,0,74150,0,0,Tyrick Mitchell,45,DEF,Liverpool,Crystal Palace,Crystal Palace
188,171,1,Arsenal,0,True,2022-08-05T19:00:00Z,0,2,1,0,0,0,0,0,0,0,0,0,0,0,0,0,0.0,0.0,0.0,0.0,55,0,17030,0,0,Michael Olise,55,MID,Liverpool,Crystal Palace,Crystal Palace
189,172,1,Arsenal,0,True,2022-08-05T19:00:00Z,0,2,1,0,0,0,0,0,0,0,0,0,0,0,0,0,0.0,0.0,0.0,0.0,45,0,4045,0,0,Jesurun Rak-Sakyi,45,MID,Liverpool,Crystal Palace,Crystal Palace
190,173,1,Arsenal,1,True,2022-08-05T19:00:00Z,0,2,1,4,0,0,0,0,0,0,0,0,0,0,0,2,1.2,0.5,0.0,0.2,45,0,18907,0,0,Malcolm Ebiowei,45,MID,Liverpool,Crystal Palace,Crystal Palace
191,174,1,Arsenal,0,True,2022-08-05T19:00:00Z,0,2,1,0,0,0,0,0,0,0,0,0,0,0,0,0,0.0,0.0,0.0,0.0,40,0,24639,0,0,Nathan Ferguson,40,DEF,Liverpool,Crystal Palace,Crystal Palace
192,175,1,Arsenal,0,True,2022-08-05T19:00:00Z,0,2,1,0,0,0,0,0,0,0,0,0,0,0,0,0,0.0,0.0,0.0,0.0,45,0,10954,0,0,Sam Johnstone,45,GKP,Liverpool,Crystal Palace,Crystal Palace
193,495,1,Arsenal,0,True,2022-08-05T19:00:00Z,0,2,1,0,0,0,0,0,0,0,0,0,0,0,0,0,0.0,0.0,0.0,0.0,40,0,4672,0,0,Remi Matthews,40,GKP,Liverpool,Crystal Palace,Crystal Palace
194,496,1,Arsenal,0,True,2022-08-05T19:00:00Z,0,2,1,0,0,0,0,0,0,0,0,0,0,0,0,0,0.0,0.0,0.0,0.0,45,0,124669,0,0,Luke Plange,45,FWD,Liverpool,Crystal Palace,Crystal Palace
195,514,1,Arsenal,2,True,2022-08-05T19:00:00Z,0,2,1,74,0,0,0,1,0,0,0,0,0,0,0,16,5.8,3.8,0.0,1.0,50,0,9875,0,0,Cheick Doucouré,50,MID,Liverpool,Crystal Palace,Crystal Palace
196,530,1,Arsenal,0,True,2022-08-05T19:00:00Z,0,2,1,0,0,0,0,0,0,0,0,0,0,0,0,0,0.0,0.0,0.0,0.0,45,0,5048,0,0,Chris Richards,45,DEF,Liverpool,Crystal Palace,Crystal Palace
197,176,3,Chelsea,0,True,2022-08-06T16:30:00Z,0,1,1,0,0,0,0,0,0,0,0,0,0,0,0,0,0.0,0.0,0.0,0.0,40,0,45783,0,0,Asmir Begović,40,GKP,Aston Villa,Everton,Everton
198,177,3,Chelsea,0,True,2022-08-06T16:30:00Z,0,1,1,0,0,0,0,0,0,0,0,0,0,0,0,0,0.0,0.0,0.0,0.0,50,0,15143,0,0,Salomón Rondón,50,FWD,Aston Villa,Everton,Everton
199,178,3,Chelsea,0,True,2022-08-06T16:30:00Z,0,1,1,0,0,0,0,0,0,0,0,0,0,0,0,0,0.0,0.0,0.0,0.0,45,0,3565,0,0,Seamus Coleman,45,DEF,Aston Villa,Everton,Everton
200,179,3,Chelsea,0,True,2022-08-06T16:30:00Z,0,1,1,0,0,0,0,0,0,0,0,0,0,0,0,0,0.0,0.0,0.0,0.0,55,0,495,0,0,Andros Townsend,55,MID,Aston Villa,Everton,Everton
201,180,3,Chelsea,0,True,2022-08-06T16:30:00Z,0,1,1,0,0,0,0,0,0,0,0,0,0,0,0,0,0.0,0.0,0.0,0.0,45,0,67755,0,0,Michael Keane,45,DEF,Aston Villa,Everton,Everton
202,181,3,Chelsea,1,True,2022-08-06T16:30:00Z,0,1,1,29,0,0,0,0,0,0,0,0,0,0,0,2,0.4,1.9,4.0,0.6,55,0,44204,0,0,Dele Alli,55,MID,Aston Villa,Everton,Everton
203,182,3,Chelsea,3,True,2022-08-06T16:30:00Z,0,1,1,90,0,0,0,1,0,0,0,0,0,5,0,20,35.0,0.0,0.0,3.5,45,0,423510,0,0,Jordan Pickford,45,GKP,Aston Villa,Everton,Everton
204,183,3,Chelsea,0,True,2022-08-06T16:30:00Z,0,1,1,0,0,0,0,0,0,0,0,0,0,0,0,0,0.0,0.0,0.0,0.0,50,0,11086,0,0,Allan Marques Loureiro,50,MID,Aston Villa,Everton,Everton
205,184,3,Chelsea,0,True,2022-08-06T16:30:00Z,0,1,1,0,0,0,0,0,0,0,0,0,0,0,0,0,0.0,0.0,0.0,0.0,45,0,20161,0,0,André Tavares Gomes,45,MID,Aston Villa,Everton,Everton
206,185,3,Chelsea,2,True,2022-08-06T16:30:00Z,0,1,1,90,0,0,0,1,0,0,0,0,0,0,0,13,10.0,3.5,25.0,3.9,55,0,18221,0,0,Abdoulaye Doucouré,55,MID,Aston Villa,Everton,Everton
207,186,3,Chelsea,2,True,2022-08-06T16:30:00Z,0,1,1,90,0,0,0,1,0,0,0,0,0,0,0,16,13.8,22.1,2.0,3.8,55,0,11182,0,0,Alex Iwobi,55,MID,Aston Villa,Everton,Everton
208,187,3,Chelsea,0,True,2022-08-06T16:30:00Z,0,1,1,0,0,0,0,0,0,0,0,0,0,0,0,0,0.0,0.0,0.0,0.0,45,0,3800,0,0,Jean-Philippe Gbamin,45,MID,Aston Villa,Everton,Everton
209,188,3,Chelsea,1,True,2022-08-06T16:30:00Z,0,1,1,69,0,0,0,1,0,0,0,1,0,0,0,4,11.8,0.2,0.0,1.2,45,0,17595,0,0,Yerry Mina,45,DEF,Aston Villa,Everton,Everton
210,189,3,Chelsea,2,True,2022-08-06T16:30:00Z,0,1,1,90,0,0,0,1,0,0,0,0,0,0,0,8,5.6,18.2,24.0,4.8,55,0,68541,0,0,Demarai Gray,55,MID,Aston Villa,Everton,Everton
211,190,3,Chelsea,0,True,2022-08-06T16:30:00Z,0,1,1,0,0,0,0,0,0,0,0,0,0,0,0,0,0.0,0.0,0.0,0.0,50,0,2494,0,0,Tom Davies,50,MID,Aston Villa,Everton,Everton
212,191,3,Chelsea,0,True,2022-08-06T16:30:00Z,0,1,1,0,0,0,0,0,0,0,0,0,0,0,0,0,0.0,0.0,0.0,0.0,80,0,52185,0,0,Dominic Calvert-Lewin,80,FWD,Aston Villa,Everton,Everton
213,192,3,Chelsea,1,True,2022-08-06T16:30:00Z,0,1,1,72,0,0,0,1,0,0,0,1,0,0,0,9,27.0,0.5,20.0,4.8,45,0,10243,0,0,Mason Holgate,45,DEF,Aston Villa,Everton,Everton
214,193,3,Chelsea,1,True,2022-08-06T16:30:00Z,0,1,1,17,0,0,0,0,0,0,0,0,0,0,0,5,1.4,0.1,0.0,0.2,45,0,12958,0,0,Ben Godfrey,45,DEF,Aston Villa,Everton,Everton
215,194,3,Chelsea,1,True,2022-08-06T16:30:00Z,0,1,1,90,0,0,0,1,0,0,0,1,0,0,0,4,15.8,15.7,1.0,3.3,45,0,23854,0,0,Vitalii Mykolenko,45,DEF,Aston Villa,Everton,Everton
216,195,3,Chelsea,2,True,2022-08-06T16:30:00Z,0,1,1,90,0,0,0,1,0,0,0,0,0,0,0,5,2.2,1.4,12.0,1.6,55,0,104719,0,0,Anthony Gordon,55,MID,Aston Villa,Everton,Everton
217,196,3,Chelsea,0,True,2022-08-06T16:30:00Z,0,1,1,0,0,0,0,0,0,0,0,0,0,0,0,0,0.0,0.0,0.0,0.0,40,0,3055,0,0,Jarrad Branthwaite,40,DEF,Aston Villa,Everton,Everton
218,197,3,Chelsea,2,True,2022-08-06T16:30:00Z,0,1,1,90,0,0,0,1,0,0,0,0,0,0,0,12,16.4,3.4,4.0,2.4,40,0,257701,0,0,Nathan Patterson,40,DEF,Aston Villa,Everton,Everton
219,198,3,Chelsea,0,True,2022-08-06T16:30:00Z,0,1,1,0,0,0,0,0,0,0,0,0,0,0,0,0,0.0,0.0,0.0,0.0,40,0,40473,0,0,Niels Nkounkou,40,DEF,Aston Villa,Everton,Everton
220,199,3,Chelsea,2,True,2022-08-06T16:30:00Z,0,1,1,90,0,0,0,1,0,0,0,0,0,0,0,12,30.4,13.7,34.0,7.8,45,0,64435,0,0,James Tarkowski,45,DEF,Aston Villa,Everton,Everton
221,531,3,Chelsea,1,True,2022-08-06T16:30:00Z,0,1,1,20,0,0,0,0,0,0,0,0,0,0,0,3,4.6,1.1,0.0,0.6,45,0,4684,0,0,Rúben Nascimento Vinagre,45,DEF,Aston Villa,Everton,Everton
222,534,3,Chelsea,2,True,2022-08-06T16:30:00Z,0,1,1,60,0,0,0,1,0,0,0,0,0,0,0,20,14.6,15.9,2.0,3.3,55,0,33086,0,0,Dwight McNeil,55,MID,Aston Villa,Everton,Everton
223,560,3,Chelsea,0,True,2022-08-06T16:30:00Z,0,1,1,0,0,0,0,0,0,0,0,0,0,0,0,0,0.0,0.0,0.0,0.0,45,0,0,0,0,Stanley Mills,45,MID,Aston Villa,Everton,Everton
224,561,3,Chelsea,0,True,2022-08-06T16:30:00Z,0,1,1,0,0,0,0,0,0,0,0,0,0,0,0,0,0.0,0.0,0.0,0.0,45,0,0,0,0,Lewis Warrington,45,MID,Aston Villa,Everton,Everton
225,2,4,Liverpool,0,True,2022-08-06T11:30:00Z,2,2,1,0,0,0,0,0,0,0,0,0,0,0,0,0,0.0,0.0,0.0,0.0,45,0,116351,0,0,Bernd Leno,45,GKP,Wolves,Fulham,Fulham
226,105,4,Liverpool,1,True,2022-08-06T11:30:00Z,2,2,1,1,0,0,0,0,0,0,0,0,0,0,0,3,0.0,0.0,0.0,0.0,45,0,24578,100,121,Shane Duffy,45,DEF,Wolves,Fulham,Fulham
227,200,4,Liverpool,1,True,2022-08-06T11:30:00Z,2,2,1,1,0,0,0,0,0,0,0,0,0,0,0,3,2.0,0.0,0.0,0.2,50,0,6634,0,0,Tom Cairney,50,MID,Wolves,Fulham,Fulham
228,201,4,Liverpool,1,True,2022-08-06T11:30:00Z,2,2,1,90,0,0,0,2,0,0,0,0,0,0,0,12,18.0,0.9,2.0,2.1,45,0,7111,0,0,Tim Ream,45,DEF,Wolves,Fulham,Fulham
229,202,4,Liverpool,0,True,2022-08-06T11:30:00Z,2,2,1,0,0,0,0,0,0,0,0,0,0,0,0,0,0.0,0.0,0.0,0.0,50,0,4354,0,0,Anthony Knockaert,50,MID,Wolves,Fulham,Fulham
230,203,4,Liverpool,0,True,2022-08-06T11:30:00Z,2,2,1,0,0,0,0,0,0,0,0,0,0,0,0,0,0.0,0.0,0.0,0.0,45,0,12756,0,0,Nathaniel Chalobah,45,MID,Wolves,Fulham,Fulham
231,204,4,Liverpool,2,True,2022-08-06T11:30:00Z,2,2,1,65,0,0,0,1,0,0,0,0,0,0,0,3,1.6,11.9,10.0,2.4,55,0,4034,0,0,Neeskens Kebano,55,MID,Wolves,Fulham,Fulham
232,205,4,Liverpool,1,True,2022-08-06T11:30:00Z,2,2,1,90,0,0,0,2,0,0,0,1,0,0,0,6,13.0,17.5,9.0,4.0,55,0,5104,0,0,Bobby De Cordova-Reid,55,MID,Wolves,Fulham,Fulham
233,206,4,Liverpool,0,True,2022-08-06T11:30:00Z,2,2,1,0,0,0,0,0,0,0,0,0,0,0,0,0,0.0,0.0,0.0,0.0,45,0,2807,0,0,Joe Bryan,45,DEF,Wolves,Fulham,Fulham
234,207,4,Liverpool,0,True,2022-08-06T11:30:00Z,2,2,1,0,0,0,0,0,0,0,0,0,0,0,0,0,0.0,0.0,0.0,0.0,40,0,515436,0,0,Paulo Gazzaniga Farias,40,GKP,Wolves,Fulham,Fulham
235,208,4,Liverpool,0,True,2022-08-06T11:30:00Z,2,2,1,0,0,0,0,0,0,0,0,0,0,0,0,0,0.0,0.0,0.0,0.0,40,0,49491,0,0,Terence Kongolo,40,DEF,Wolves,Fulham,Fulham
236,209,4,Liverpool,1,True,2022-08-06T11:30:00Z,2,2,1,90,0,0,0,2,0,0,0,0,0,0,0,11,18.4,0.4,0.0,1.9,45,0,5971,0,0,Tosin Adarabioyo,45,DEF,Wolves,Fulham,Fulham
237,210,4,Liverpool,13,True,2022-08-06T11:30:00Z,2,2,1,90,2,0,0,2,0,0,0,0,0,0,3,57,82.0,14.7,58.0,15.5,65,0,509091,0,0,Aleksandar Mitrović,66,FWD,Wolves,Fulham,Fulham
238,211,4,Liverpool,2,True,2022-08-06T11:30:00Z,2,2,1,90,0,0,0,2,0,0,0,0,0,0,0,12,22.0,13.0,20.0,5.5,45,0,33105,0,0,Harrison Reed,45,MID,Wolves,Fulham,Fulham
239,212,4,Liverpool,0,True,2022-08-06T11:30:00Z,2,2,1,0,0,0,0,0,0,0,0,0,0,0,0,0,0.0,0.0,0.0,0.0,60,0,11571,0,0,Harry Wilson,60,MID,Wolves,Fulham,Fulham
240,213,4,Liverpool,1,True,2022-08-06T11:30:00Z,2,2,1,90,0,0,0,2,0,0,0,0,0,1,0,11,10.2,0.0,0.0,1.0,45,0,12206,0,0,Marek Rodák,45,GKP,Wolves,Fulham,Fulham
241,214,4,Liverpool,0,True,2022-08-06T11:30:00Z,2,2,1,0,0,0,0,0,0,0,0,0,0,0,0,0,0.0,0.0,0.0,0.0,50,0,7339,0,0,Ivan Neves Abreu Cavaleiro,50,MID,Wolves,Fulham,Fulham
242,215,4,Liverpool,3,True,2022-08-06T11:30:00Z,2,2,1,90,0,1,0,2,0,0,0,1,0,0,0,27,39.0,15.0,0.0,5.4,45,0,6670,0,0,Kenny Tete,45,DEF,Wolves,Fulham,Fulham
243,216,4,Liverpool,0,True,2022-08-06T11:30:00Z,2,2,1,0,0,0,0,0,0,0,0,0,0,0,0,0,0.0,0.0,0.0,0.0,45,0,7833,0,0,Josh Onomah,45,MID,Wolves,Fulham,Fulham
244,217,4,Liverpool,1,True,2022-08-06T11:30:00Z,2,2,1,90,0,0,0,2,0,0,0,0,0,0,0,13,14.8,0.7,0.0,1.6,45,0,9043,0,0,Antonee Robinson,45,DEF,Wolves,Fulham,Fulham
245,218,4,Liverpool,0,True,2022-08-06T11:30:00Z,2,2,1,0,0,0,0,0,0,0,0,0,0,0,0,0,0.0,0.0,0.0,0.0,55,0,10991,0,0,Rodrigo Muniz Carvalho,55,FWD,Wolves,Fulham,Fulham
246,219,4,Liverpool,0,True,2022-08-06T11:30:00Z,2,2,1,0,0,0,0,0,0,0,0,0,0,0,0,0,0.0,0.0,0.0,0.0,45,0,96347,0,0,Jay Stansfield,45,FWD,Wolves,Fulham,Fulham
247,220,4,Liverpool,2,True,2022-08-06T11:30:00Z,2,2,1,90,0,0,0,2,0,0,0,0,0,0,0,10,15.0,1.2,38.0,5.4,50,0,11496,0,0,João Palhinha Gonçalves,50,MID,Wolves,Fulham,Fulham
248,346,4,Liverpool,2,True,2022-08-06T11:30:00Z,2,2,1,88,0,0,0,2,0,0,0,0,0,0,0,5,0.6,19.8,12.0,3.2,45,0,2013818,0,0,Andreas Hoelgebaum Pereira,45,MID,Wolves,Fulham,Fulham
249,521,4,Liverpool,0,True,2022-08-06T11:30:00Z,2,2,1,0,0,0,0,0,0,0,0,0,0,0,0,0,0.0,0.0,0.0,0.0,45,0,2384,0,0,Tyrese Francois,45,MID,Wolves,Fulham,Fulham
250,532,4,Liverpool,0,True,2022-08-06T11:30:00Z,2,2,1,0,0,0,0,0,0,0,0,0,0,0,0,0,0.0,0.0,0.0,0.0,45,0,14856,0,0,Kevin Mbabu,45,DEF,Wolves,Fulham,Fulham
251,546,4,Liverpool,0,True,2022-08-06T11:30:00Z,2,2,1,0,0,0,0,0,0,0,0,0,0,0,0,0,0.0,0.0,0.0,0.0,45,0,3082,0,0,Luke Harris,45,MID,Wolves,Fulham,Fulham
252,562,4,Liverpool,1,True,2022-08-06T11:30:00Z,2,2,1,24,0,0,0,1,0,0,0,0,0,0,0,1,2.2,0.3,0.0,0.3,50,0,0,0,0,Manor Solomon,50,MID,Wolves,Fulham,Fulham
253,248,6,Brentford,0,True,2022-08-07T13:00:00Z,2,2,1,0,0,0,0,0,0,0,0,0,0,0,0,0,0.0,0.0,0.0,0.0,50,0,54290,0,0,Kasper Schmeichel,50,GKP,Arsenal,Leicester,Leicester
254,249,6,Brentford,1,True,2022-08-07T13:00:00Z,2,2,1,90,0,0,0,2,0,0,0,0,0,0,0,15,14.0,1.3,0.0,1.5,45,0,24256,0,0,Jonny Evans,45,DEF,Arsenal,Leicester,Leicester
255,250,6,Brentford,0,True,2022-08-07T13:00:00Z,2,2,1,0,0,0,0,0,0,0,0,0,0,0,0,0,0.0,0.0,0.0,0.0,40,0,3217,0,0,Ryan Bertrand,40,DEF,Arsenal,Leicester,Leicester
256,251,6,Brentford,0,True,2022-08-07T13:00:00Z,2,2,1,0,0,0,0,0,0,0,0,0,0,0,0,0,0.0,0.0,0.0,0.0,50,0,9469,0,0,Marc Albrighton,50,MID,Arsenal,Leicester,Leicester
257,252,6,Brentford,0,True,2022-08-07T13:00:00Z,2,2,1,0,0,0,0,0,0,0,0,0,0,0,0,0,0.0,0.0,0.0,0.0,45,0,50019,0,0,Nampalys Mendy,45,MID,Arsenal,Leicester,Leicester
258,253,6,Brentford,0,True,2022-08-07T13:00:00Z,2,2,1,0,0,0,0,0,0,0,0,0,0,0,0,0,0.0,0.0,0.0,0.0,40,0,799742,0,0,Jannik Vestergaard,40,DEF,Arsenal,Leicester,Leicester
259,254,6,Brentford,1,True,2022-08-07T13:00:00Z,2,2,1,90,0,0,0,2,0,0,0,0,0,1,0,11,9.8,0.0,0.0,1.0,40,0,1983925,0,0,Danny Ward,40,GKP,Arsenal,Leicester,Leicester
260,255,6,Brentford,5,True,2022-08-07T13:00:00Z,2,2,1,90,0,1,0,2,0,0,0,0,0,0,0,18,26.4,10.8,4.0,4.1,95,0,398397,0,0,Jamie Vardy,95,FWD,Arsenal,Leicester,Leicester
261,256,6,Brentford,0,True,2022-08-07T13:00:00Z,2,2,1,0,0,0,0,0,0,0,0,0,0,0,0,0,0.0,0.0,0.0,0.0,45,0,7966,0,0,Ricardo Barbosa Pereira,45,DEF,Arsenal,Leicester,Leicester
262,257,6,Brentford,1,True,2022-08-07T13:00:00Z,2,2,1,90,0,0,0,2,0,0,0,0,0,0,0,16,10.8,13.3,1.0,2.5,45,0,23381,0,0,Daniel Amartey,45,DEF,Arsenal,Leicester,Leicester
263,258,6,Brentford,8,True,2022-08-07T13:00:00Z,2,2,1,90,1,0,0,2,0,0,0,0,0,0,1,23,42.8,19.0,37.0,9.9,45,0,88735,0,0,Timothy Castagne,45,DEF,Arsenal,Leicester,Leicester
264,259,6,Brentford,2,True,2022-08-07T13:00:00Z,2,2,1,90,0,0,0,2,0,0,0,0,0,0,0,13,11.8,17.1,16.0,4.5,65,0,181627,0,0,Youri Tielemans,65,MID,Arsenal,Leicester,Leicester
265,260,6,Brentford,0,True,2022-08-07T13:00:00Z,2,2,1,0,0,0,0,0,0,0,0,0,0,0,0,0,0.0,0.0,0.0,0.0,50,0,11326,0,0,Ayoze Pérez,50,MID,Arsenal,Leicester,Leicester
266,261,6,Brentford,5,True,2022-08-07T13:00:00Z,2,2,1,90,0,1,0,2,0,0,0,0,0,0,0,19,28.2,62.2,60.0,15.0,80,0,389016,0,0,James Maddison,80,MID,Arsenal,Leicester,Leicester
267,262,6,Brentford,0,True,2022-08-07T13:00:00Z,2,2,1,0,0,0,0,0,0,0,0,0,0,0,0,0,0.0,0.0,0.0,0.0,65,0,80900,0,0,Kelechi Iheanacho,65,FWD,Arsenal,Leicester,Leicester
268,263,6,Brentford,0,True,2022-08-07T13:00:00Z,2,2,1,0,0,0,0,0,0,0,0,0,0,0,0,0,0.0,0.0,0.0,0.0,45,0,17572,0,0,Hamza Choudhury,45,MID,Arsenal,Leicester,Leicester
269,264,6,Brentford,0,True,2022-08-07T13:00:00Z,2,2,1,0,0,0,0,0,0,0,0,0,0,0,0,0,0.0,0.0,0.0,0.0,70,0,197907,0,0,Harvey Barnes,70,MID,Arsenal,Leicester,Leicester
270,265,6,Brentford,2,True,2022-08-07T13:00:00Z,2,2,1,90,0,0,0,2,0,0,0,0,0,0,0,12,9.8,5.1,0.0,1.5,50,0,24916,0,0,Wilfred Ndidi,50,MID,Arsenal,Leicester,Leicester
271,266,6,Brentford,10,True,2022-08-07T13:00:00Z,2,2,1,72,1,0,0,1,0,0,0,0,0,0,3,34,42.4,15.3,9.0,6.7,50,0,62732,0,0,Kiernan Dewsbury-Hall,50,MID,Arsenal,Leicester,Leicester
272,267,6,Brentford,0,True,2022-08-07T13:00:00Z,2,2,1,0,0,0,0,0,0,0,0,0,0,0,0,0,0.0,0.0,0.0,0.0,45,0,47819,0,0,Çaglar Söyüncü,45,DEF,Arsenal,Leicester,Leicester
273,268,6,Brentford,1,True,2022-08-07T13:00:00Z,2,2,1,90,0,0,0,2,0,0,0,0,0,0,0,12,13.4,16.4,0.0,3.0,45,0,126566,0,0,James Justin,45,DEF,Arsenal,Leicester,Leicester
274,269,6,Brentford,0,True,2022-08-07T13:00:00Z,2,2,1,0,0,0,0,0,0,0,0,0,0,0,0,0,0.0,0.0,0.0,0.0,45,0,41741,0,0,Boubakary Soumaré,45,MID,Arsenal,Leicester,Leicester
275,270,6,Brentford,0,True,2022-08-07T13:00:00Z,2,2,1,0,0,0,0,0,0,0,0,0,0,0,0,0,0.0,0.0,0.0,0.0,45,0,8036,0,0,Luke Thomas,45,DEF,Arsenal,Leicester,Leicester
276,271,6,Brentford,1,True,2022-08-07T13:00:00Z,2,2,1,17,0,0,0,1,0,0,0,0,0,0,0,4,1.2,0.1,0.0,0.1,60,0,113131,0,0,Patson Daka,60,FWD,Arsenal,Leicester,Leicester
277,272,6,Brentford,1,True,2022-08-07T13:00:00Z,2,2,1,90,0,0,0,2,0,0,0,0,0,0,0,12,19.2,3.3,6.0,2.9,45,0,128115,0,0,Wesley Fofana,45,DEF,Arsenal,Leicester,Leicester
278,273,6,Brentford,0,True,2022-08-07T13:00:00Z,2,2,1,0,0,0,0,0,0,0,0,0,0,0,0,0,0.0,0.0,0.0,0.0,40,0,23323,0,0,Lewis Brunt,40,DEF,Arsenal,Leicester,Leicester
279,548,6,Brentford,0,True,2022-08-07T13:00:00Z,2,2,1,0,0,0,0,0,0,0,0,0,0,0,0,0,0.0,0.0,0.0,0.0,40,0,248388,0,0,Daniel Iversen,40,GKP,Arsenal,Leicester,Leicester
280,549,6,Brentford,0,True,2022-08-07T13:00:00Z,2,2,1,0,0,0,0,0,0,0,0,0,0,0,0,0,0.0,0.0,0.0,0.0,50,0,1242,0,0,Dennis Praet,50,MID,Arsenal,Leicester,Leicester
281,221,5,Wolves,0,True,2022-08-06T14:00:00Z,2,1,1,0,0,0,0,0,0,0,0,0,0,0,0,0,0.0,0.0,0.0,0.0,45,0,6072,0,0,Liam Cooper,45,DEF,Southampton,Leeds,Leeds
282,222,5,Wolves,0,True,2022-08-06T14:00:00Z,2,1,1,0,0,0,0,0,0,0,0,0,0,0,0,0,0.0,0.0,0.0,0.0,45,0,1794,0,0,Luke Ayling,45,DEF,Southampton,Leeds,Leeds
283,223,5,Wolves,1,True,2022-08-06T14:00:00Z,2,1,1,25,0,0,0,0,0,0,0,0,0,0,0,2,1.4,5.3,4.0,1.1,50,0,10219,0,0,Mateusz Klich,50,MID,Southampton,Leeds,Leeds
284,224,5,Wolves,0,True,2022-08-06T14:00:00Z,2,1,1,0,0,0,0,0,0,0,0,0,0,0,0,0,0.0,0.0,0.0,0.0,45,0,5783,0,0,Adam Forshaw,45,MID,Southampton,Leeds,Leeds
285,225,5,Wolves,7,True,2022-08-06T14:00:00Z,2,1,1,64,1,0,0,1,0,0,0,0,0,0,0,23,34.8,1.1,29.0,6.5,60,0,73866,0,0,Rodrigo Moreno,60,MID,Southampton,Leeds,Leeds
286,226,5,Wolves,0,True,2022-08-06T14:00:00Z,2,1,1,0,0,0,0,0,0,0,0,0,0,0,0,0,0.0,0.0,0.0,0.0,50,0,1383,0,0,Stuart Dallas,50,DEF,Southampton,Leeds,Leeds
287,227,5,Wolves,5,True,2022-08-06T14:00:00Z,2,1,1,83,0,1,0,1,0,0,0,0,0,0,0,8,6.4,1.2,34.0,4.2,75,0,110859,0,0,Patrick Bamford,75,FWD,Southampton,Leeds,Leeds
288,228,5,Wolves,2,True,2022-08-06T14:00:00Z,2,1,1,90,0,0,0,1,0,0,0,0,0,0,0,16,23.0,0.5,2.0,2.6,45,0,22468,0,0,Diego Llorente,45,DEF,Southampton,Leeds,Leeds
289,229,5,Wolves,0,True,2022-08-06T14:00:00Z,2,1,1,0,0,0,0,0,0,0,0,0,0,0,0,0,0.0,0.0,0.0,0.0,50,0,101,0,0,Tyler Roberts,50,MID,Southampton,Leeds,Leeds
290,230,5,Wolves,2,True,2022-08-06T14:00:00Z,2,1,1,90,0,0,0,1,0,0,0,0,0,0,0,19,25.4,0.3,4.0,3.0,45,0,9288,0,0,Robin Koch,45,DEF,Southampton,Leeds,Leeds
291,231,5,Wolves,0,True,2022-08-06T14:00:00Z,2,1,1,0,0,0,0,0,0,0,0,0,0,0,0,0,0.0,0.0,0.0,0.0,60,0,1667,0,0,Daniel James,60,MID,Southampton,Leeds,Leeds
292,232,5,Wolves,0,True,2022-08-06T14:00:00Z,2,1,1,0,0,0,0,0,0,0,0,0,0,0,0,0,0.0,0.0,0.0,0.0,70,0,21902,0,0,Raphael Dias Belloli,70,MID,Southampton,Leeds,Leeds
293,233,5,Wolves,6,True,2022-08-06T14:00:00Z,2,1,1,90,0,1,0,1,0,0,0,1,0,0,2,25,34.8,78.8,10.0,12.4,60,0,79451,0,0,Jack Harrison,60,MID,Southampton,Leeds,Leeds
294,234,5,Wolves,0,True,2022-08-06T14:00:00Z,2,1,1,0,0,0,0,0,0,0,0,0,0,0,0,0,0.0,0.0,0.0,0.0,45,0,696,0,0,Jamie Shackleton,45,MID,Southampton,Leeds,Leeds
295,235,5,Wolves,2,True,2022-08-06T14:00:00Z,2,1,1,90,0,0,0,1,0,0,0,0,0,0,0,10,20.2,1.3,4.0,2.6,45,0,7963,0,0,Pascal Struijk,45,DEF,Southampton,Leeds,Leeds
296,236,5,Wolves,0,True,2022-08-06T14:00:00Z,2,1,1,0,0,0,0,0,0,0,0,0,0,0,0,0,0.0,0.0,0.0,0.0,40,0,40835,0,0,Kristoffer Klaesson,40,GKP,Southampton,Leeds,Leeds
297,237,5,Wolves,1,True,2022-08-06T14:00:00Z,2,1,1,17,0,0,0,0,0,0,0,0,0,0,0,4,0.4,0.5,21.0,2.2,45,0,1895580,0,0,Sam Greenwood,45,FWD,Southampton,Leeds,Leeds
298,238,5,Wolves,3,True,2022-08-06T14:00:00Z,2,1,1,90,0,0,0,1,0,0,0,0,0,5,0,19,38.8,0.0,0.0,3.9,45,0,204130,0,0,Illan Meslier,45,GKP,Southampton,Leeds,Leeds
299,239,5,Wolves,0,True,2022-08-06T14:00:00Z,2,1,1,0,0,0,0,0,0,0,0,0,0,0,0,0,0.0,0.0,0.0,0.0,45,0,791,0,0,Junior Firpo Adames,45,DEF,Southampton,Leeds,Leeds
300,240,5,Wolves,1,True,2022-08-06T14:00:00Z,2,1,1,5,0,0,0,0,0,0,0,0,0,0,0,2,0.0,0.3,2.0,0.1,45,0,17111,0,0,Crysencio Summerville,45,MID,Southampton,Leeds,Leeds
301,241,5,Wolves,0,True,2022-08-06T14:00:00Z,2,1,1,0,0,0,0,0,0,0,0,0,0,0,0,0,0.0,0.0,0.0,0.0,45,0,1955,0,0,Lewis Bate,45,MID,Southampton,Leeds,Leeds
302,242,5,Wolves,1,True,2022-08-06T14:00:00Z,2,1,1,6,0,0,0,0,0,0,0,0,0,0,0,2,0.2,0.3,0.0,0.1,55,0,57638,0,0,Joe Gelhardt,55,FWD,Southampton,Leeds,Leeds
303,243,5,Wolves,0,True,2022-08-06T14:00:00Z,2,1,1,0,0,0,0,0,0,0,0,0,0,0,0,0,0.0,0.0,0.0,0.0,40,0,16752,0,0,Leo Fuhr Hjelde,40,DEF,Southampton,Leeds,Leeds
304,244,5,Wolves,2,True,2022-08-06T14:00:00Z,2,1,1,90,0,0,0,1,0,0,0,0,0,0,0,13,15.2,15.8,4.0,3.5,50,0,46085,0,0,Rasmus Kristensen,50,DEF,Southampton,Leeds,Leeds
305,245,5,Wolves,2,True,2022-08-06T14:00:00Z,2,1,1,72,0,0,0,1,0,0,0,0,0,0,0,15,12.2,11.8,17.0,4.1,50,0,6212,0,0,Marc Roca Junqué,50,MID,Southampton,Leeds,Leeds
306,246,5,Wolves,2,True,2022-08-06T14:00:00Z,2,1,1,84,0,0,0,1,0,0,0,0,0,0,0,4,3.6,2.0,16.0,2.2,55,0,85765,0,0,Brenden Aaronson,55,MID,Southampton,Leeds,Leeds
307,247,5,Wolves,0,True,2022-08-06T14:00:00Z,2,1,1,0,0,0,0,0,0,0,0,0,0,0,0,0,0.0,0.0,0.0,0.0,45,0,4454,0,0,Darko Gyabi,45,MID,Southampton,Leeds,Leeds
308,506,5,Wolves,1,True,2022-08-06T14:00:00Z,2,1,1,90,0,0,0,1,0,0,0,1,0,0,0,7,11.0,12.0,1.0,2.4,50,0,12574,0,0,Tyler Adams,50,MID,Southampton,Leeds,Leeds
309,508,5,Wolves,0,True,2022-08-06T14:00:00Z,2,1,1,0,0,0,0,0,0,0,0,0,0,0,0,0,0.0,0.0,0.0,0.0,65,0,17295,0,0,Luis Sinisterra Lucumí,65,MID,Southampton,Leeds,Leeds
310,547,5,Wolves,0,True,2022-08-06T14:00:00Z,2,1,1,0,0,0,0,0,0,0,0,0,0,0,0,0,0.0,0.0,0.0,0.0,40,0,6079,0,0,Cody Drameh,40,DEF,Southampton,Leeds,Leeds
311,565,5,Wolves,0,True,2022-08-06T14:00:00Z,2,1,1,0,0,0,0,0,0,0,0,0,0,0,0,0,0.0,0.0,0.0,0.0,45,0,0,0,0,Archie Gray,45,MID,Southampton,Leeds,Leeds
312,274,4,Fulham,1,False,2022-08-06T11:30:00Z,2,2,1,31,0,0,0,1,0,0,0,0,0,0,0,1,3.2,4.7,8.0,1.6,45,0,62173,0,0,James Milner,45,MID,Liverpool,Crystal Palace,Liverpool
313,275,4,Fulham,2,False,2022-08-06T11:30:00Z,2,2,1,90,0,0,0,2,0,0,0,0,0,0,0,14,8.2,29.8,13.0,5.1,55,0,94154,0,0,Jordan Henderson,55,MID,Liverpool,Crystal Palace,Liverpool
314,276,4,Fulham,1,False,2022-08-06T11:30:00Z,2,2,1,90,0,0,0,2,0,0,0,0,0,0,0,19,30.4,1.8,0.0,3.2,60,0,211558,0,0,Joel Matip,60,DEF,Liverpool,Crystal Palace,Liverpool
315,277,4,Fulham,1,False,2022-08-06T11:30:00Z,2,2,1,50,0,0,0,1,0,0,0,0,0,0,0,8,6.4,16.8,0.0,2.3,55,0,175766,0,0,Thiago Alcántara do Nascimento,55,MID,Liverpool,Crystal Palace,Liverpool
316,278,4,Fulham,0,False,2022-08-06T11:30:00Z,2,2,1,0,0,0,0,0,0,0,0,0,0,0,0,0,0.0,0.0,0.0,0.0,50,0,1145,0,0,Alex Oxlade-Chamberlain,50,MID,Liverpool,Crystal Palace,Liverpool
317,279,4,Fulham,1,False,2022-08-06T11:30:00Z,2,2,1,50,0,0,0,1,0,0,0,0,0,0,0,4,7.4,4.2,6.0,1.8,80,0,109701,0,0,Roberto Firmino,80,FWD,Liverpool,Crystal Palace,Liverpool
318,280,4,Fulham,1,False,2022-08-06T11:30:00Z,2,2,1,90,0,0,0,2,0,0,0,0,0,0,0,12,16.4,0.8,2.0,1.9,65,0,1133441,0,0,Virgil van Dijk,65,DEF,Liverpool,Crystal Palace,Liverpool
319,281,4,Fulham,1,False,2022-08-06T11:30:00Z,2,2,1,90,0,0,0,2,0,0,0,0,0,1,0,11,8.2,0.0,0.0,0.8,55,0,1567712,0,0,Alisson Ramses Becker,55,GKP,Liverpool,Crystal Palace,Liverpool
320,282,4,Fulham,1,False,2022-08-06T11:30:00Z,2,2,1,58,0,0,0,1,0,0,0,0,0,0,0,12,9.8,4.3,2.0,1.6,55,0,79661,0,0,Fabio Henrique Tavares,55,MID,Liverpool,Crystal Palace,Liverpool
321,283,4,Fulham,12,False,2022-08-06T11:30:00Z,2,2,1,90,1,1,0,2,0,0,0,0,0,0,2,34,39.6,20.0,25.0,8.5,130,0,4848340,0,0,Mohamed Salah,130,MID,Liverpool,Crystal Palace,Liverpool
322,284,4,Fulham,1,False,2022-08-06T11:30:00Z,2,2,1,90,0,0,0,2,0,0,0,0,0,0,0,4,13.2,7.8,8.0,2.9,70,0,1027195,0,0,Andrew Robertson,70,DEF,Liverpool,Crystal Palace,Liverpool
323,285,4,Fulham,1,False,2022-08-06T11:30:00Z,2,2,1,90,0,0,0,2,0,0,0,0,0,0,0,13,12.2,20.9,2.0,3.5,75,0,4694983,0,0,Trent Alexander-Arnold,75,DEF,Liverpool,Crystal Palace,Liverpool
324,286,4,Fulham,0,False,2022-08-06T11:30:00Z,2,2,1,0,0,0,0,0,0,0,0,0,0,0,0,0,0.0,0.0,0.0,0.0,45,0,19160,0,0,Joseph Gomez,45,DEF,Liverpool,Crystal Palace,Liverpool
325,287,4,Fulham,0,False,2022-08-06T11:30:00Z,2,2,1,0,0,0,0,0,0,0,0,0,0,0,0,0,0.0,0.0,0.0,0.0,50,0,8632,0,0,Naby Keita,50,MID,Liverpool,Crystal Palace,Liverpool
326,288,4,Fulham,0,False,2022-08-06T11:30:00Z,2,2,1,0,0,0,0,0,0,0,0,0,0,0,0,0,0.0,0.0,0.0,0.0,90,0,55789,0,0,Diogo Teixeira da Silva,90,FWD,Liverpool,Crystal Palace,Liverpool
327,289,4,Fulham,0,False,2022-08-06T11:30:00Z,2,2,1,0,0,0,0,0,0,0,0,0,0,0,0,0,0.0,0.0,0.0,0.0,40,0,20766,0,0,Caoimhin Kelleher,40,GKP,Liverpool,Crystal Palace,Liverpool
328,290,4,Fulham,0,False,2022-08-06T11:30:00Z,2,2,1,0,0,0,0,0,0,0,0,0,0,0,0,0,0.0,0.0,0.0,0.0,50,0,57031,0,0,Ibrahima Konaté,50,DEF,Liverpool,Crystal Palace,Liverpool
329,291,4,Fulham,0,False,2022-08-06T11:30:00Z,2,2,1,0,0,0,0,0,0,0,0,0,0,0,0,0,0.0,0.0,0.0,0.0,50,0,1092,0,0,Curtis Jones,50,MID,Liverpool,Crystal Palace,Liverpool
330,292,4,Fulham,0,False,2022-08-06T11:30:00Z,2,2,1,0,0,0,0,0,0,0,0,0,0,0,0,0,0.0,0.0,0.0,0.0,45,0,10567,0,0,Konstantinos Tsimikas,45,DEF,Liverpool,Crystal Palace,Liverpool
331,293,4,Fulham,2,False,2022-08-06T11:30:00Z,2,2,1,77,0,0,0,2,0,0,0,0,0,0,0,1,0.0,3.4,24.0,2.5,80,0,1688654,0,0,Luis Díaz,80,MID,Liverpool,Crystal Palace,Liverpool
332,294,4,Fulham,1,False,2022-08-06T11:30:00Z,2,2,1,39,0,0,0,1,0,0,0,0,0,0,0,3,4.0,13.1,4.0,2.1,50,0,11317,0,0,Harvey Elliott,50,MID,Liverpool,Crystal Palace,Liverpool
333,296,4,Fulham,1,False,2022-08-06T11:30:00Z,2,2,1,12,0,0,0,0,0,0,0,0,0,0,0,1,0.0,0.3,4.0,0.2,55,0,21632,0,0,Fábio Freitas Gouveia Carvalho,55,MID,Liverpool,Crystal Palace,Liverpool
334,297,4,Fulham,9,False,2022-08-06T11:30:00Z,2,2,1,39,1,1,0,1,0,0,0,0,0,0,1,31,53.2,20.6,112.0,18.6,90,0,1572141,0,0,Darwin Núñez Ribeiro,90,FWD,Liverpool,Crystal Palace,Liverpool
335,298,4,Fulham,0,False,2022-08-06T11:30:00Z,2,2,1,0,0,0,0,0,0,0,0,0,0,0,0,0,0.0,0.0,0.0,0.0,40,0,19927,0,0,Calvin Ramsay,40,DEF,Liverpool,Crystal Palace,Liverpool
336,497,4,Fulham,0,False,2022-08-06T11:30:00Z,2,2,1,0,0,0,0,0,0,0,0,0,0,0,0,0,0.0,0.0,0.0,0.0,40,0,62020,0,0,Adrián San Miguel del Castillo,40,GKP,Liverpool,Crystal Palace,Liverpool
337,498,4,Fulham,0,False,2022-08-06T11:30:00Z,2,2,1,0,0,0,0,0,0,0,0,0,0,0,0,0,0.0,0.0,0.0,0.0,40,0,1280,0,0,Rhys Williams,40,DEF,Liverpool,Crystal Palace,Liverpool
338,499,4,Fulham,0,False,2022-08-06T11:30:00Z,2,2,1,0,0,0,0,0,0,0,0,0,0,0,0,0,0.0,0.0,0.0,0.0,40,0,1014,0,0,Ben Davies,40,DEF,Liverpool,Crystal Palace,Liverpool
339,500,4,Fulham,0,False,2022-08-06T11:30:00Z,2,2,1,0,0,0,0,0,0,0,0,0,0,0,0,0,0.0,0.0,0.0,0.0,40,0,19524,0,0,Sepp van den Berg,40,DEF,Liverpool,Crystal Palace,Liverpool
340,501,4,Fulham,0,False,2022-08-06T11:30:00Z,2,2,1,0,0,0,0,0,0,0,0,0,0,0,0,0,0.0,0.0,0.0,0.0,40,0,19157,0,0,Nathaniel Phillips,40,DEF,Liverpool,Crystal Palace,Liverpool
341,563,4,Fulham,0,False,2022-08-06T11:30:00Z,2,2,1,0,0,0,0,0,0,0,0,0,0,0,0,0,0.0,0.0,0.0,0.0,40,0,0,0,0,Luke Chambers,40,DEF,Liverpool,Crystal Palace,Liverpool
342,564,4,Fulham,0,False,2022-08-06T11:30:00Z,2,2,1,0,0,0,0,0,0,0,0,0,0,0,0,0,0.0,0.0,0.0,0.0,45,0,0,0,0,Stefan Bajcetic,45,MID,Liverpool,Crystal Palace,Liverpool
343,299,10,West Ham,6,False,2022-08-07T15:30:00Z,0,2,1,90,0,0,1,0,0,0,0,0,0,0,0,24,6.6,7.7,0.0,1.4,50,0,733920,0,0,Kyle Walker,50,DEF,Man City,Bournemouth,Man City
344,300,10,West Ham,3,False,2022-08-07T15:30:00Z,0,2,1,77,0,0,1,0,0,0,0,0,0,0,0,11,3.8,26.4,21.0,5.1,75,0,75393,0,0,Ilkay Gündogan,75,MID,Man City,Bournemouth,Man City
345,301,10,West Ham,6,False,2022-08-07T15:30:00Z,0,2,1,87,0,1,1,0,0,0,0,0,0,0,0,24,24.4,43.0,20.0,8.7,120,0,1151254,0,0,Kevin De Bruyne,120,MID,Man City,Bournemouth,Man City
346,302,10,West Ham,0,False,2022-08-07T15:30:00Z,0,2,1,0,0,0,0,0,0,0,0,0,0,0,0,0,0.0,0.0,0.0,0.0,55,0,238382,0,0,John Stones,55,DEF,Man City,Bournemouth,Man City
347,303,10,West Ham,1,False,2022-08-07T15:30:00Z,0,2,1,2,0,0,0,0,0,0,0,0,0,0,0,4,2.0,14.3,0.0,1.6,80,0,454397,0,0,Riyad Mahrez,80,MID,Man City,Bournemouth,Man City
348,305,10,West Ham,3,False,2022-08-07T15:30:00Z,0,2,1,90,0,0,1,0,0,0,0,0,0,0,0,19,7.2,29.2,14.0,5.0,70,0,327616,0,0,Jack Grealish,70,MID,Man City,Bournemouth,Man City
349,306,10,West Ham,7,False,2022-08-07T15:30:00Z,0,2,1,90,0,0,1,0,0,0,0,1,0,0,2,27,15.4,18.9,5.0,3.9,70,0,3569038,0,0,João Cancelo,70,DEF,Man City,Bournemouth,Man City
350,307,10,West Ham,7,False,2022-08-07T15:30:00Z,0,2,1,90,0,0,1,0,0,0,0,0,0,1,1,26,14.4,0.0,0.0,1.4,55,0,1240294,0,0,Ederson Santana de Moraes,55,GKP,Man City,Bournemouth,Man City
351,308,10,West Ham,7,False,2022-08-07T15:30:00Z,0,2,1,90,0,0,1,0,0,0,0,0,0,0,1,26,26.2,0.6,4.0,3.1,50,0,56953,0,0,Nathan Aké,50,DEF,Man City,Bournemouth,Man City
352,309,10,West Ham,0,False,2022-08-07T15:30:00Z,0,2,1,0,0,0,0,0,0,0,0,0,0,0,0,0,0.0,0.0,0.0,0.0,60,0,62453,0,0,Aymeric Laporte,60,DEF,Man City,Bournemouth,Man City
353,310,10,West Ham,0,False,2022-08-07T15:30:00Z,0,2,1,0,0,0,0,0,0,0,0,0,0,0,0,0,0.0,0.0,0.0,0.0,40,0,3618,0,0,Zack Steffen,40,GKP,Man City,Bournemouth,Man City
354,311,10,West Ham,1,False,2022-08-07T15:30:00Z,0,2,1,12,0,0,0,0,0,0,0,0,0,0,0,3,4.4,2.7,2.0,0.9,70,0,644299,0,0,Bernardo Veiga de Carvalho e Silva,70,MID,Man City,Bournemouth,Man City
355,312,10,West Ham,6,False,2022-08-07T15:30:00Z,0,2,1,90,0,0,1,0,0,0,0,0,0,0,0,25,16.6,1.4,2.0,2.0,60,0,917791,0,0,Rúben Gato Alves Dias,60,DEF,Man City,Bournemouth,Man City
356,314,10,West Ham,3,False,2022-08-07T15:30:00Z,0,2,1,87,0,0,1,0,0,0,0,0,0,0,0,19,10.8,30.4,10.0,5.1,80,0,482845,0,0,Phil Foden,80,MID,Man City,Bournemouth,Man City
357,315,10,West Ham,3,False,2022-08-07T15:30:00Z,0,2,1,88,0,0,1,0,0,0,0,0,0,0,0,18,16.0,5.8,1.0,2.3,60,0,220268,0,0,Rodrigo Hernandez,60,MID,Man City,Bournemouth,Man City
358,316,10,West Ham,1,False,2022-08-07T15:30:00Z,0,2,1,2,0,0,0,0,0,0,0,0,0,0,0,3,0.0,0.3,2.0,0.2,45,0,13764,0,0,Cole Palmer,45,MID,Man City,Bournemouth,Man City
359,317,10,West Ham,0,False,2022-08-07T15:30:00Z,0,2,1,0,0,0,0,0,0,0,0,0,0,0,0,0,0.0,0.0,0.0,0.0,45,0,1259,0,0,James McAtee,45,MID,Man City,Bournemouth,Man City
360,318,10,West Ham,13,False,2022-08-07T15:30:00Z,0,2,1,77,2,0,1,0,0,0,0,0,0,0,3,48,62.6,4.8,73.0,14.0,115,0,3398599,0,0,Erling Haaland,116,FWD,Man City,Bournemouth,Man City
361,319,10,West Ham,1,False,2022-08-07T15:30:00Z,0,2,1,12,0,0,0,0,0,0,0,0,0,0,0,1,0.0,1.0,8.0,0.9,65,0,227813,0,0,Julián Álvarez,65,FWD,Man City,Bournemouth,Man City
362,320,10,West Ham,0,False,2022-08-07T15:30:00Z,0,2,1,0,0,0,0,0,0,0,0,0,0,0,0,0,0.0,0.0,0.0,0.0,40,0,9893,0,0,Luke Mbete-Tabu,40,DEF,Man City,Bournemouth,Man City
363,322,10,West Ham,0,False,2022-08-07T15:30:00Z,0,2,1,0,0,0,0,0,0,0,0,0,0,0,0,0,0.0,0.0,0.0,0.0,40,0,47180,0,0,Josh Wilson-Esbrand,40,DEF,Man City,Bournemouth,Man City
364,323,10,West Ham,0,False,2022-08-07T15:30:00Z,0,2,1,0,0,0,0,0,0,0,0,0,0,0,0,0,0.0,0.0,0.0,0.0,45,0,55406,0,0,Liam Delap,45,FWD,Man City,Bournemouth,Man City
365,324,10,West Ham,0,False,2022-08-07T15:30:00Z,0,2,1,0,0,0,0,0,0,0,0,0,0,0,0,0,0.0,0.0,0.0,0.0,40,0,40863,0,0,Stefan Ortega Moreno,40,GKP,Man City,Bournemouth,Man City
366,325,10,West Ham,1,False,2022-08-07T15:30:00Z,0,2,1,1,0,0,0,0,0,0,0,0,0,0,0,3,0.6,0.5,0.0,0.1,50,0,45423,0,0,Kalvin Phillips,50,MID,Man City,Bournemouth,Man City
367,502,10,West Ham,0,False,2022-08-07T15:30:00Z,0,2,1,0,0,0,0,0,0,0,0,0,0,0,0,0,0.0,0.0,0.0,0.0,40,0,11672,0,0,Scott Carson,40,GKP,Man City,Bournemouth,Man City
368,573,10,West Ham,0,False,2022-08-07T15:30:00Z,0,2,1,0,0,0,0,0,0,0,0,0,0,0,0,0,0.0,0.0,0.0,0.0,40,0,0,0,0,Rico Lewis,40,DEF,Man City,Bournemouth,Man City
369,326,9,Brighton,1,True,2022-08-07T13:00:00Z,1,2,1,37,0,0,0,0,0,0,0,0,0,0,0,3,4.6,11.5,20.0,3.6,105,0,352984,0,0,Cristiano Ronaldo dos Santos Aveiro,105,FWD,Brentford,Man Utd,Man Utd
370,327,9,Brighton,1,True,2022-08-07T13:00:00Z,1,2,1,90,0,0,0,2,0,0,0,0,0,2,0,11,20.8,0.0,0.0,2.1,50,0,602310,0,0,David De Gea Quintana,50,GKP,Brentford,Man Utd,Man Utd
371,328,9,Brighton,0,True,2022-08-07T13:00:00Z,1,2,1,0,0,0,0,0,0,0,0,0,0,0,0,0,0.0,0.0,0.0,0.0,40,0,27156,0,0,Phil Jones,40,DEF,Brentford,Man Utd,Man Utd
372,329,9,Brighton,0,True,2022-08-07T13:00:00Z,1,2,1,0,0,0,0,0,0,0,0,0,0,0,0,0,0.0,0.0,0.0,0.0,50,0,160718,0,0,Raphaël Varane,50,DEF,Brentford,Man Utd,Man Utd
373,330,9,Brighton,0,True,2022-08-07T13:00:00Z,1,2,1,90,0,0,0,2,0,0,0,1,0,0,0,14,18.0,2.3,34.0,5.4,50,0,78464,0,0,Harry Maguire,50,DEF,Brentford,Man Utd,Man Utd
374,331,9,Brighton,1,True,2022-08-07T13:00:00Z,1,2,1,52,0,0,0,2,0,0,0,0,0,0,0,6,1.0,3.1,1.0,0.5,55,0,83919,0,0,Frederico Rodrigues de Paula Santos,55,MID,Brentford,Man Utd,Man Utd
375,332,9,Brighton,0,True,2022-08-07T13:00:00Z,1,2,1,89,0,0,0,2,0,0,0,1,0,0,0,13,17.4,32.3,19.0,6.9,50,0,84371,0,0,Luke Shaw,50,DEF,Brentford,Man Utd,Man Utd
376,333,9,Brighton,2,True,2022-08-07T13:00:00Z,1,2,1,89,0,0,0,2,0,0,0,0,0,0,0,14,10.8,35.0,8.0,5.4,100,0,266667,0,0,Bruno Borges Fernandes,100,MID,Brentford,Man Utd,Man Utd
377,334,9,Brighton,0,True,2022-08-07T13:00:00Z,1,2,1,0,0,0,0,0,0,0,0,0,0,0,0,0,0.0,0.0,0.0,0.0,50,0,8614,0,0,Alex Telles,50,DEF,Brentford,Man Utd,Man Utd
378,335,9,Brighton,2,True,2022-08-07T13:00:00Z,1,2,1,90,0,0,0,2,0,0,0,0,0,0,0,-1,1.8,13.0,35.0,5.0,65,0,964460,0,0,Marcus Rashford,65,MID,Brentford,Man Utd,Man Utd
379,336,9,Brighton,1,True,2022-08-07T13:00:00Z,1,2,1,12,0,0,0,0,0,0,0,0,0,0,0,3,0.4,1.8,0.0,0.2,55,0,46618,0,0,Donny van de Beek,55,MID,Brentford,Man Utd,Man Utd
380,337,9,Brighton,0,True,2022-08-07T13:00:00Z,1,2,1,0,0,0,0,0,0,0,0,0,0,0,0,0,0.0,0.0,0.0,0.0,45,0,20023,0,0,Victor Lindelöf,45,DEF,Brentford,Man Utd,Man Utd
381,338,9,Brighton,1,True,2022-08-07T13:00:00Z,1,2,1,77,0,0,0,2,0,0,0,1,0,0,0,1,0.0,2.1,26.0,2.7,50,0,22964,0,0,Scott McTominay,50,MID,Brentford,Man Utd,Man Utd
382,339,9,Brighton,0,True,2022-08-07T13:00:00Z,1,2,1,0,0,0,0,0,0,0,0,0,0,0,0,0,0.0,0.0,0.0,0.0,40,0,140241,0,0,Eric Bailly,40,DEF,Brentford,Man Utd,Man Utd
383,340,9,Brighton,2,True,2022-08-07T13:00:00Z,1,2,1,89,0,0,0,2,0,0,0,0,0,0,0,13,7.0,24.0,12.0,4.3,75,0,817327,0,0,Jadon Sancho,75,MID,Brentford,Man Utd,Man Utd
384,341,9,Brighton,0,True,2022-08-07T13:00:00Z,1,2,1,0,0,0,0,0,0,0,0,0,0,0,0,0,0.0,0.0,0.0,0.0,45,0,32219,0,0,Aaron Wan-Bissaka,45,DEF,Brentford,Man Utd,Man Utd
385,342,9,Brighton,1,True,2022-08-07T13:00:00Z,1,2,1,90,0,0,0,2,0,0,0,0,0,0,0,10,17.8,27.6,56.0,10.1,45,0,370352,0,0,Diogo Dalot Teixeira,45,DEF,Brentford,Man Utd,Man Utd
386,343,9,Brighton,0,True,2022-08-07T13:00:00Z,1,2,1,0,0,0,0,0,0,0,0,0,0,0,0,0,0.0,0.0,0.0,0.0,40,0,215734,0,0,Brandon Williams,40,DEF,Brentford,Man Utd,Man Utd
387,344,9,Brighton,1,True,2022-08-07T13:00:00Z,1,2,1,1,0,0,0,0,0,0,0,0,0,0,0,2,0.2,0.1,0.0,0.0,50,0,77705,0,0,Anthony Elanga,50,MID,Brentford,Man Utd,Man Utd
388,345,9,Brighton,0,True,2022-08-07T13:00:00Z,1,2,1,0,0,0,0,0,0,0,0,0,0,0,0,0,0.0,0.0,0.0,0.0,70,0,186351,0,0,Anthony Martial,70,FWD,Brentford,Man Utd,Man Utd
389,347,9,Brighton,0,True,2022-08-07T13:00:00Z,1,2,1,0,0,0,0,0,0,0,0,0,0,0,0,0,0.0,0.0,0.0,0.0,45,0,5452,0,0,Facundo Pellistri Rebollo,45,MID,Brentford,Man Utd,Man Utd
390,348,9,Brighton,0,True,2022-08-07T13:00:00Z,1,2,1,0,0,0,0,0,0,0,0,0,0,0,0,0,0.0,0.0,0.0,0.0,40,0,41033,0,0,Tom Heaton,40,GKP,Brentford,Man Utd,Man Utd
391,504,9,Brighton,1,True,2022-08-07T13:00:00Z,1,2,1,1,0,0,0,0,0,0,0,0,0,0,0,6,4.0,0.0,0.0,0.4,45,0,192542,0,0,Tyrell Malacia,45,DEF,Brentford,Man Utd,Man Utd
392,519,9,Brighton,2,True,2022-08-07T13:00:00Z,1,2,1,90,0,0,0,2,0,0,0,0,0,0,0,17,28.6,42.5,34.0,10.5,65,0,361793,0,0,Christian Eriksen,65,MID,Brentford,Man Utd,Man Utd
393,533,9,Brighton,0,True,2022-08-07T13:00:00Z,1,2,1,90,0,0,0,2,0,0,0,1,0,0,0,16,27.2,1.6,37.0,6.6,45,0,248752,0,0,Lisandro Martínez,45,DEF,Brentford,Man Utd,Man Utd
394,550,9,Brighton,0,True,2022-08-07T13:00:00Z,1,2,1,0,0,0,0,0,0,0,0,0,0,0,0,0,0.0,0.0,0.0,0.0,45,0,12198,0,0,Amad Diallo,45,MID,Brentford,Man Utd,Man Utd
395,551,9,Brighton,0,True,2022-08-07T13:00:00Z,1,2,1,0,0,0,0,0,0,0,0,0,0,0,0,0,0.0,0.0,0.0,0.0,45,0,14621,0,0,Zidane Iqbal,45,MID,Brentford,Man Utd,Man Utd
396,569,9,Brighton,1,True,2022-08-07T13:00:00Z,1,2,1,1,0,0,0,0,0,0,0,0,0,0,0,3,0.0,0.0,0.0,0.0,45,0,0,0,0,Alejandro Garnacho,45,MID,Brentford,Man Utd,Man Utd
397,570,9,Brighton,0,True,2022-08-07T13:00:00Z,1,2,1,0,0,0,0,0,0,0,0,0,0,0,0,0,0.0,0.0,0.0,0.0,45,0,0,0,0,James Garner,45,MID,Brentford,Man Utd,Man Utd
398,349,7,Nott'm Forest,0,True,2022-08-06T14:00:00Z,2,0,1,0,0,0,0,0,0,0,0,0,0,0,0,0,0.0,0.0,0.0,0.0,50,0,4725,0,0,Jonjo Shelvey,50,MID,Brighton,Newcastle,Newcastle
399,350,7,Nott'm Forest,0,True,2022-08-06T14:00:00Z,2,0,1,0,0,0,0,0,0,0,0,0,0,0,0,0,0.0,0.0,0.0,0.0,45,0,8772,0,0,Matt Ritchie,45,DEF,Brighton,Newcastle,Newcastle
400,351,7,Nott'm Forest,0,True,2022-08-06T14:00:00Z,2,0,1,0,0,0,0,0,0,0,0,0,0,0,0,0,0.0,0.0,0.0,0.0,45,0,6409,0,0,Federico Fernández,45,DEF,Brighton,Newcastle,Newcastle
401,352,7,Nott'm Forest,0,True,2022-08-06T14:00:00Z,2,0,1,0,0,0,0,0,0,0,0,0,0,0,0,0,0.0,0.0,0.0,0.0,45,0,456,0,0,Ciaran Clark,45,DEF,Brighton,Newcastle,Newcastle
402,353,7,Nott'm Forest,0,True,2022-08-06T14:00:00Z,2,0,1,0,0,0,0,0,0,0,0,0,0,0,0,0,0.0,0.0,0.0,0.0,40,0,236781,0,0,Karl Darlow,40,GKP,Brighton,Newcastle,Newcastle
403,354,7,Nott'm Forest,1,True,2022-08-06T14:00:00Z,2,0,1,1,0,0,0,0,0,0,0,0,0,0,0,2,0.0,0.0,0.0,0.0,60,0,137537,0,0,Chris Wood,60,FWD,Brighton,Newcastle,Newcastle
404,355,7,Nott'm Forest,0,True,2022-08-06T14:00:00Z,2,0,1,0,0,0,0,0,0,0,0,0,0,0,0,0,0.0,0.0,0.0,0.0,45,0,97650,0,0,Martin Dubravka,45,GKP,Brighton,Newcastle,Newcastle
405,356,7,Nott'm Forest,6,True,2022-08-06T14:00:00Z,2,0,1,89,1,0,1,0,0,0,0,0,0,0,0,25,34.2,25.3,49.0,10.9,75,0,290279,0,0,Callum Wilson,75,FWD,Brighton,Newcastle,Newcastle
406,357,7,Nott'm Forest,7,True,2022-08-06T14:00:00Z,2,0,1,90,0,0,1,0,0,0,0,0,0,0,1,32,19.8,41.4,10.0,7.1,50,0,1570068,0,0,Kieran Trippier,50,DEF,Brighton,Newcastle,Newcastle
407,358,7,Nott'm Forest,6,True,2022-08-06T14:00:00Z,2,0,1,90,0,0,1,0,0,0,0,0,0,0,0,23,10.2,10.2,36.0,5.6,45,0,89476,0,0,Dan Burn,45,DEF,Brighton,Newcastle,Newcastle
408,359,7,Nott'm Forest,1,True,2022-08-06T14:00:00Z,2,0,1,9,0,0,0,0,0,0,0,0,0,0,0,4,2.2,10.3,0.0,1.3,55,0,14743,0,0,Ryan Fraser,55,MID,Brighton,Newcastle,Newcastle
409,360,7,Nott'm Forest,0,True,2022-08-06T14:00:00Z,2,0,1,0,0,0,0,0,0,0,0,0,0,0,0,0,0.0,0.0,0.0,0.0,45,0,13892,0,0,Jamaal Lascelles,45,DEF,Brighton,Newcastle,Newcastle
410,361,7,Nott'm Forest,0,True,2022-08-06T14:00:00Z,2,0,1,0,0,0,0,0,0,0,0,0,0,0,0,0,0.0,0.0,0.0,0.0,45,0,18707,0,0,Dwight Gayle,45,FWD,Brighton,Newcastle,Newcastle
411,362,7,Nott'm Forest,0,True,2022-08-06T14:00:00Z,2,0,1,0,0,0,0,0,0,0,0,0,0,0,0,0,0.0,0.0,0.0,0.0,40,0,44271,0,0,Paul Dummett,40,DEF,Brighton,Newcastle,Newcastle
412,363,7,Nott'm Forest,0,True,2022-08-06T14:00:00Z,2,0,1,0,0,0,0,0,0,0,0,0,0,0,0,0,0.0,0.0,0.0,0.0,45,0,6578,0,0,Javier Manquillo Gaitán,45,DEF,Brighton,Newcastle,Newcastle
413,364,7,Nott'm Forest,0,True,2022-08-06T14:00:00Z,2,0,1,0,0,0,0,0,0,0,0,0,0,0,0,0,0.0,0.0,0.0,0.0,45,0,5201,0,0,Emil Krafth,45,DEF,Brighton,Newcastle,Newcastle
414,365,7,Nott'm Forest,1,True,2022-08-06T14:00:00Z,2,0,1,1,0,0,0,0,0,0,0,0,0,0,0,3,0.0,0.0,0.0,0.0,45,0,567413,0,0,Jacob Murphy,45,MID,Brighton,Newcastle,Newcastle
415,366,7,Nott'm Forest,15,True,2022-08-06T14:00:00Z,2,0,1,90,1,0,1,0,0,0,0,0,0,0,3,43,66.0,14.6,25.0,10.6,45,0,40132,0,0,Fabian Schär,45,DEF,Brighton,Newcastle,Newcastle
416,367,7,Nott'm Forest,8,True,2022-08-06T14:00:00Z,2,0,1,90,0,0,1,0,0,0,0,0,0,0,2,33,17.2,37.6,0.0,5.5,50,0,104119,0,0,Matt Targett,50,DEF,Brighton,Newcastle,Newcastle
417,368,7,Nott'm Forest,3,True,2022-08-06T14:00:00Z,2,0,1,89,0,0,1,0,0,0,0,0,0,0,0,6,6.8,17.7,81.0,10.6,65,0,596955,0,0,Allan Saint-Maximin,65,MID,Brighton,Newcastle,Newcastle
418,369,7,Nott'm Forest,3,True,2022-08-06T14:00:00Z,2,0,1,80,0,0,1,0,0,0,0,0,0,0,0,16,15.4,30.7,39.0,8.5,50,0,108734,0,0,Miguel Almirón Rejala,50,MID,Brighton,Newcastle,Newcastle
419,370,7,Nott'm Forest,1,True,2022-08-06T14:00:00Z,2,0,1,10,0,0,0,0,0,0,0,0,0,0,0,9,4.4,10.3,2.0,1.7,45,0,91852,0,0,Sean Longstaff,45,MID,Brighton,Newcastle,Newcastle
420,371,7,Nott'm Forest,6,True,2022-08-06T14:00:00Z,2,0,1,90,0,1,1,0,0,0,0,0,0,0,0,28,39.0,46.1,26.0,11.1,60,0,42379,0,0,Joelinton Cássio Apolinário de Lira,60,MID,Brighton,Newcastle,Newcastle
421,372,7,Nott'm Forest,0,True,2022-08-06T14:00:00Z,2,0,1,0,0,0,0,0,0,0,0,0,0,0,0,0,0.0,0.0,0.0,0.0,45,0,3668,0,0,Jamal Lewis,45,DEF,Brighton,Newcastle,Newcastle
422,373,7,Nott'm Forest,3,True,2022-08-06T14:00:00Z,2,0,1,79,0,0,1,0,0,0,0,0,0,0,0,6,14.0,14.4,53.0,8.1,50,0,45439,0,0,Joe Willock,50,MID,Brighton,Newcastle,Newcastle
423,374,7,Nott'm Forest,3,True,2022-08-06T14:00:00Z,2,0,1,90,0,0,1,0,0,0,0,0,0,0,0,17,21.2,46.5,3.0,7.1,60,0,865697,0,0,Bruno Guimarães Rodriguez Moura,60,MID,Brighton,Newcastle,Newcastle
424,375,7,Nott'm Forest,0,True,2022-08-06T14:00:00Z,2,0,1,0,0,0,0,0,0,0,0,0,0,0,0,0,0.0,0.0,0.0,0.0,45,0,551,0,0,Jeff Hendrick,45,MID,Brighton,Newcastle,Newcastle
425,376,7,Nott'm Forest,6,True,2022-08-06T14:00:00Z,2,0,1,90,0,0,1,0,0,0,0,0,0,0,0,21,2.4,0.0,0.0,0.2,50,0,334464,0,0,Nick Pope,50,GKP,Brighton,Newcastle,Newcastle
426,377,7,Nott'm Forest,1,True,2022-08-06T14:00:00Z,2,0,1,1,0,0,0,0,0,0,0,0,0,0,0,3,0.6,0.0,0.0,0.1,45,0,191857,0,0,Sven Botman,45,DEF,Brighton,Newcastle,Newcastle
427,552,7,Nott'm Forest,0,True,2022-08-06T14:00:00Z,2,0,1,0,0,0,0,0,0,0,0,0,0,0,0,0,0.0,0.0,0.0,0.0,45,0,10770,0,0,Elliot Anderson,45,MID,Brighton,Newcastle,Newcastle
428,295,7,Newcastle,0,False,2022-08-06T14:00:00Z,2,0,1,90,0,0,0,2,0,0,0,1,0,0,0,10,16.8,18.8,4.0,4.0,40,0,2304763,0,0,Neco Williams,40,DEF,Nott'm Forest,West Ham,Nott'm Forest
429,378,7,Newcastle,0,False,2022-08-06T14:00:00Z,2,0,1,0,0,0,0,0,0,0,0,0,0,0,0,0,0.0,0.0,0.0,0.0,45,0,23813,0,0,Harry Arter,45,MID,Nott'm Forest,West Ham,Nott'm Forest
430,379,7,Newcastle,0,False,2022-08-06T14:00:00Z,2,0,1,0,0,0,0,0,0,0,0,0,0,0,0,0,0.0,0.0,0.0,0.0,45,0,14958,0,0,Steve Cook,45,DEF,Nott'm Forest,West Ham,Nott'm Forest
431,380,7,Newcastle,0,False,2022-08-06T14:00:00Z,2,0,1,0,0,0,0,0,0,0,0,0,0,0,0,0,0.0,0.0,0.0,0.0,45,0,941205,0,0,Lyle Taylor,45,FWD,Nott'm Forest,West Ham,Nott'm Forest
432,381,7,Newcastle,2,False,2022-08-06T14:00:00Z,2,0,1,90,0,0,0,2,0,0,0,0,0,0,0,13,14.4,1.3,0.0,1.6,45,0,141323,0,0,Jack Colback,45,MID,Nott'm Forest,West Ham,Nott'm Forest
433,382,7,Newcastle,0,False,2022-08-06T14:00:00Z,2,0,1,0,0,0,0,0,0,0,0,0,0,0,0,0,0.0,0.0,0.0,0.0,45,0,345,0,0,Brice Samba,45,GKP,Nott'm Forest,West Ham,Nott'm Forest
434,383,7,Newcastle,0,False,2022-08-06T14:00:00Z,2,0,1,0,0,0,0,0,0,0,0,0,0,0,0,0,0.0,0.0,0.0,0.0,45,0,42723,0,0,Carlos Ribeiro Dias,45,MID,Nott'm Forest,West Ham,Nott'm Forest
435,384,7,Newcastle,0,False,2022-08-06T14:00:00Z,2,0,1,0,0,0,0,0,0,0,0,0,0,0,0,0,0.0,0.0,0.0,0.0,50,0,5339,0,0,Joe Lolley,50,MID,Nott'm Forest,West Ham,Nott'm Forest
436,385,7,Newcastle,1,False,2022-08-06T14:00:00Z,2,0,1,90,0,0,0,2,0,0,0,0,0,0,0,9,26.8,0.2,2.0,2.9,45,0,10896,0,0,Scott McKenna,45,DEF,Nott'm Forest,West Ham,Nott'm Forest
437,386,7,Newcastle,0,False,2022-08-06T14:00:00Z,2,0,1,0,0,0,0,0,0,0,0,0,0,0,0,0,0.0,0.0,0.0,0.0,40,0,23682,0,0,Mohamed Dräger,40,DEF,Nott'm Forest,West Ham,Nott'm Forest
438,387,7,Newcastle,0,False,2022-08-06T14:00:00Z,2,0,1,0,0,0,0,0,0,0,0,0,0,0,0,0,0.0,0.0,0.0,0.0,50,0,4222,0,0,Ryan Yates,50,MID,Nott'm Forest,West Ham,Nott'm Forest
439,388,7,Newcastle,0,False,2022-08-06T14:00:00Z,2,0,1,90,0,0,0,2,0,0,0,1,0,0,0,9,16.0,0.4,0.0,1.6,45,0,10564,0,0,Joe Worrall,45,DEF,Nott'm Forest,West Ham,Nott'm Forest
440,389,7,Newcastle,0,False,2022-08-06T14:00:00Z,2,0,1,0,0,0,0,0,0,0,0,0,0,0,0,0,0.0,0.0,0.0,0.0,40,0,2052,0,0,Jonathan Panzo,40,DEF,Nott'm Forest,West Ham,Nott'm Forest
441,390,7,Newcastle,0,False,2022-08-06T14:00:00Z,2,0,1,0,0,0,0,0,0,0,0,0,0,0,0,0,0.0,0.0,0.0,0.0,50,0,1985,0,0,Xande Nascimento da Costa Silva,50,MID,Nott'm Forest,West Ham,Nott'm Forest
442,391,7,Newcastle,2,False,2022-08-06T14:00:00Z,2,0,1,62,0,0,0,1,0,0,0,0,0,0,0,3,5.4,0.8,8.0,1.4,50,0,125873,0,0,Sam Surridge,50,FWD,Nott'm Forest,West Ham,Nott'm Forest
443,392,7,Newcastle,0,False,2022-08-06T14:00:00Z,2,0,1,0,0,0,0,0,0,0,0,0,0,0,0,0,0.0,0.0,0.0,0.0,45,0,3740,0,0,Richie Laryea,45,DEF,Nott'm Forest,West Ham,Nott'm Forest
444,393,7,Newcastle,0,False,2022-08-06T14:00:00Z,2,0,1,0,0,0,0,0,0,0,0,0,0,0,0,0,0.0,0.0,0.0,0.0,45,0,3761,0,0,Loïc Mbe Soh,45,DEF,Nott'm Forest,West Ham,Nott'm Forest
445,394,7,Newcastle,2,False,2022-08-06T14:00:00Z,2,0,1,90,0,0,0,2,0,0,0,0,0,0,0,3,0.0,0.9,6.0,0.6,60,0,171887,0,0,Brennan Johnson,60,FWD,Nott'm Forest,West Ham,Nott'm Forest
446,395,7,Newcastle,1,False,2022-08-06T14:00:00Z,2,0,1,7,0,0,0,0,0,0,0,0,0,0,0,1,0.0,0.3,0.0,0.0,50,0,2367,0,0,Alex Mighten,50,MID,Nott'm Forest,West Ham,Nott'm Forest
447,396,7,Newcastle,0,False,2022-08-06T14:00:00Z,2,0,1,0,0,0,0,0,0,0,0,0,0,0,0,0,0.0,0.0,0.0,0.0,45,0,10542,0,0,Braian Ojeda Rodríguez,45,MID,Nott'm Forest,West Ham,Nott'm Forest
448,397,7,Newcastle,1,False,2022-08-06T14:00:00Z,2,0,1,27,0,0,0,1,0,0,0,0,0,0,0,6,3.2,0.4,0.0,0.4,60,0,91393,0,0,Taiwo Awoniyi,60,FWD,Nott'm Forest,West Ham,Nott'm Forest
449,398,7,Newcastle,3,False,2022-08-06T14:00:00Z,2,0,1,90,0,0,0,2,0,0,0,0,0,7,0,26,48.0,0.0,0.0,4.8,45,0,434219,0,0,Dean Henderson,45,GKP,Nott'm Forest,West Ham,Nott'm Forest
450,399,7,Newcastle,0,False,2022-08-06T14:00:00Z,2,0,1,0,0,0,0,0,0,0,0,0,0,0,0,0,0.0,0.0,0.0,0.0,45,0,6448,0,0,Giulian Biancone,45,DEF,Nott'm Forest,West Ham,Nott'm Forest
451,507,7,Newcastle,1,False,2022-08-06T14:00:00Z,2,0,1,82,0,0,0,2,0,0,0,0,0,0,0,10,16.8,0.3,0.0,1.7,45,0,12386,0,0,Moussa Niakhaté,45,DEF,Nott'm Forest,West Ham,Nott'm Forest
452,511,7,Newcastle,0,False,2022-08-06T14:00:00Z,2,0,1,0,0,0,0,0,0,0,0,0,0,0,0,0,0.0,0.0,0.0,0.0,45,0,1015,0,0,Omar Richards,45,DEF,Nott'm Forest,West Ham,Nott'm Forest
453,518,7,Newcastle,0,False,2022-08-06T14:00:00Z,2,0,1,0,0,0,0,0,0,0,0,0,0,0,0,0,0.0,0.0,0.0,0.0,40,0,204804,0,0,Wayne Hennessey,40,GKP,Nott'm Forest,West Ham,Nott'm Forest
454,523,7,Newcastle,1,False,2022-08-06T14:00:00Z,2,0,1,90,0,0,0,2,0,0,0,0,0,0,0,11,8.6,1.7,0.0,1.0,45,0,7659,0,0,Harry Toffolo,45,DEF,Nott'm Forest,West Ham,Nott'm Forest
455,524,7,Newcastle,1,False,2022-08-06T14:00:00Z,2,0,1,74,0,0,0,1,0,0,0,1,0,0,0,7,12.4,0.8,8.0,2.1,50,0,4256,0,0,Lewis O'Brien,50,MID,Nott'm Forest,West Ham,Nott'm Forest
456,527,7,Newcastle,2,False,2022-08-06T14:00:00Z,2,0,1,90,0,0,0,2,0,0,0,0,0,0,0,2,6.0,18.5,18.0,4.3,60,0,459837,0,0,Jesse Lingard,60,MID,Nott'm Forest,West Ham,Nott'm Forest
457,536,7,Newcastle,1,False,2022-08-06T14:00:00Z,2,0,1,15,0,0,0,1,0,0,0,0,0,0,0,3,2.6,0.2,0.0,0.3,50,0,3088,0,0,Orel Mangala,50,MID,Nott'm Forest,West Ham,Nott'm Forest
458,553,7,Newcastle,0,False,2022-08-06T14:00:00Z,2,0,1,0,0,0,0,0,0,0,0,0,0,0,0,0,0.0,0.0,0.0,0.0,45,0,3300,0,0,Oliver Hammond,45,MID,Nott'm Forest,West Ham,Nott'm Forest
459,321,8,Spurs,2,False,2022-08-06T14:00:00Z,4,1,1,90,0,0,0,4,0,0,0,0,0,0,0,17,12.0,4.3,8.0,2.4,45,0,18407,0,0,Roméo Lavia,45,MID,Southampton,Leeds,Southampton
460,400,8,Spurs,0,False,2022-08-06T14:00:00Z,4,1,1,0,0,0,0,0,0,0,0,0,0,0,0,0,0.0,0.0,0.0,0.0,50,0,2565,0,0,Theo Walcott,50,MID,Southampton,Leeds,Southampton
461,401,8,Spurs,0,False,2022-08-06T14:00:00Z,4,1,1,0,0,0,0,0,0,0,0,0,0,0,0,0,0.0,0.0,0.0,0.0,45,0,25036,0,0,Alex McCarthy,45,GKP,Southampton,Leeds,Southampton
462,402,8,Spurs,2,False,2022-08-06T14:00:00Z,4,1,1,74,0,0,0,4,0,0,0,0,0,0,0,9,6.2,3.8,2.0,1.2,50,0,10319,0,0,Oriol Romeu Vidal,50,MID,Southampton,Leeds,Southampton
463,403,8,Spurs,1,False,2022-08-06T14:00:00Z,4,1,1,1,0,0,0,0,0,0,0,0,0,0,0,3,0.0,0.0,0.0,0.0,55,0,5871,0,0,Nathan Redmond,55,MID,Southampton,Leeds,Southampton
464,404,8,Spurs,0,False,2022-08-06T14:00:00Z,4,1,1,45,0,0,0,2,0,0,0,0,0,0,0,5,12.2,2.5,0.0,1.5,45,0,4265,0,0,Jack Stephens,45,DEF,Southampton,Leeds,Southampton
465,405,8,Spurs,1,False,2022-08-06T14:00:00Z,4,1,1,45,0,0,0,2,0,0,0,0,0,0,0,0,3.4,2.6,0.0,0.6,50,0,9352,0,0,Stuart Armstrong,50,MID,Southampton,Leeds,Southampton
466,406,8,Spurs,0,False,2022-08-06T14:00:00Z,4,1,1,0,0,0,0,0,0,0,0,0,0,0,0,0,0.0,0.0,0.0,0.0,55,0,8321,0,0,Mohamed Elyounoussi,55,MID,Southampton,Leeds,Southampton
467,407,8,Spurs,9,False,2022-08-06T14:00:00Z,4,1,1,90,1,0,0,4,0,0,0,0,0,0,2,33,49.2,56.1,24.0,12.9,65,0,717828,0,0,James Ward-Prowse,65,MID,Southampton,Leeds,Southampton
468,408,8,Spurs,1,False,2022-08-06T14:00:00Z,4,1,1,45,0,0,0,2,0,0,0,0,0,0,0,0,0.0,0.8,1.0,0.0,55,0,58462,0,0,Adam Armstrong,55,FWD,Southampton,Leeds,Southampton
469,409,8,Spurs,0,False,2022-08-06T14:00:00Z,4,1,1,90,0,0,0,4,0,0,0,0,0,0,0,10,20.2,4.2,4.0,2.8,45,0,98712,0,0,Kyle Walker-Peters,45,DEF,Southampton,Leeds,Southampton
470,410,8,Spurs,0,False,2022-08-06T14:00:00Z,4,1,1,90,0,0,0,4,0,0,0,0,0,0,0,18,14.6,21.0,4.0,4.0,45,0,42818,0,0,Jan Bednarek,45,DEF,Southampton,Leeds,Southampton
471,411,8,Spurs,0,False,2022-08-06T14:00:00Z,4,1,1,0,0,0,0,0,0,0,0,0,0,0,0,0,0.0,0.0,0.0,0.0,65,0,61566,0,0,Che Adams,65,FWD,Southampton,Leeds,Southampton
472,412,8,Spurs,0,False,2022-08-06T14:00:00Z,4,1,1,0,0,0,0,0,0,0,0,0,0,0,0,0,0.0,0.0,0.0,0.0,50,0,452,0,0,Nathan Tella,50,MID,Southampton,Leeds,Southampton
473,413,8,Spurs,0,False,2022-08-06T14:00:00Z,4,1,1,0,0,0,0,0,0,0,0,0,0,0,0,0,0.0,0.0,0.0,0.0,45,0,3550,0,0,Lyanco Silveira Neves Vojnovic,45,DEF,Southampton,Leeds,Southampton
474,414,8,Spurs,0,False,2022-08-06T14:00:00Z,4,1,1,45,0,0,0,2,0,0,0,0,0,0,0,1,4.0,0.9,0.0,0.5,40,0,70717,0,0,Yan Valery,40,DEF,Southampton,Leeds,Southampton
475,415,8,Spurs,0,False,2022-08-06T14:00:00Z,4,1,1,0,0,0,0,0,0,0,0,0,0,0,0,0,0.0,0.0,0.0,0.0,45,0,2166,0,0,Will Smallbone,45,MID,Southampton,Leeds,Southampton
476,416,8,Spurs,1,False,2022-08-06T14:00:00Z,4,1,1,15,0,0,0,0,0,0,0,0,0,0,0,1,1.6,2.3,10.0,1.4,45,0,65020,0,0,Ibrahima Diallo,45,MID,Southampton,Leeds,Southampton
477,417,8,Spurs,1,False,2022-08-06T14:00:00Z,4,1,1,18,0,0,0,0,0,0,0,0,0,0,0,2,0.0,1.0,24.0,2.5,45,0,3733,0,0,Romain Perraud,45,DEF,Southampton,Leeds,Southampton
478,418,8,Spurs,5,False,2022-08-06T14:00:00Z,4,1,1,71,0,1,0,4,0,0,0,0,0,0,0,16,22.6,12.2,12.0,4.7,50,0,2795,0,0,Moussa Djenepo,50,MID,Southampton,Leeds,Southampton
479,419,8,Spurs,0,False,2022-08-06T14:00:00Z,4,1,1,0,0,0,0,0,0,0,0,0,0,0,0,0,0.0,0.0,0.0,0.0,45,0,1951,0,0,Tino Livramento,45,DEF,Southampton,Leeds,Southampton
480,420,8,Spurs,-2,False,2022-08-06T14:00:00Z,4,1,1,90,0,0,0,4,1,0,0,0,0,0,0,7,16.0,17.0,6.0,3.9,45,0,14247,0,0,Mohammed Salisu,45,DEF,Southampton,Leeds,Southampton
481,421,8,Spurs,0,False,2022-08-06T14:00:00Z,4,1,1,0,0,0,0,0,0,0,0,0,0,0,0,0,0.0,0.0,0.0,0.0,40,0,27219,0,0,Mateusz Lis,40,GKP,Southampton,Leeds,Southampton
482,422,8,Spurs,1,False,2022-08-06T14:00:00Z,4,1,1,90,0,0,0,4,0,0,0,0,0,5,0,20,33.6,0.0,0.0,3.4,45,0,57701,0,0,Gavin Bazunu,45,GKP,Southampton,Leeds,Southampton
483,423,8,Spurs,0,False,2022-08-06T14:00:00Z,4,1,1,0,0,0,0,0,0,0,0,0,0,0,0,0,0.0,0.0,0.0,0.0,45,0,5917,0,0,Armel Bella-Kotchap,45,DEF,Southampton,Leeds,Southampton
484,424,8,Spurs,0,False,2022-08-06T14:00:00Z,4,1,1,0,0,0,0,0,0,0,0,0,0,0,0,0,0.0,0.0,0.0,0.0,40,0,104292,0,0,Willy Caballero,40,GKP,Southampton,Leeds,Southampton
485,512,8,Spurs,2,False,2022-08-06T14:00:00Z,4,1,1,90,0,0,0,4,0,0,0,0,0,0,0,5,9.4,5.2,23.0,3.8,55,0,50924,0,0,Joe Ayodele-Aribo,55,MID,Southampton,Leeds,Southampton
486,528,8,Spurs,0,False,2022-08-06T14:00:00Z,4,1,1,0,0,0,0,0,0,0,0,0,0,0,0,0,0.0,0.0,0.0,0.0,55,0,7535,0,0,Sékou Mara,55,FWD,Southampton,Leeds,Southampton
487,425,8,Southampton,2,True,2022-08-06T14:00:00Z,4,1,1,90,0,0,0,1,0,0,0,0,0,1,0,10,10.8,0.0,0.0,1.1,55,0,379701,0,0,Hugo Lloris,55,GKP,Chelsea,Spurs,Spurs
488,426,8,Southampton,0,True,2022-08-06T14:00:00Z,4,1,1,0,0,0,0,0,0,0,0,0,0,0,0,0,0.0,0.0,0.0,0.0,40,0,525074,0,0,Fraser Forster,40,GKP,Chelsea,Spurs,Spurs
489,427,8,Southampton,2,True,2022-08-06T14:00:00Z,4,1,1,90,0,0,0,1,0,0,0,0,0,0,0,4,14.6,22.2,34.0,7.1,115,0,2286082,0,0,Harry Kane,114,FWD,Chelsea,Spurs,Spurs
490,428,8,Southampton,5,True,2022-08-06T14:00:00Z,4,1,1,90,0,1,0,1,0,0,0,0,0,0,0,23,36.2,52.5,56.0,14.5,120,0,1929156,0,0,Son Heung-min,120,MID,Chelsea,Spurs,Spurs
491,429,8,Southampton,1,True,2022-08-06T14:00:00Z,4,1,1,3,0,0,0,0,0,0,0,0,0,0,0,3,5.0,0.0,0.0,0.5,50,0,72985,0,0,Matt Doherty,50,DEF,Chelsea,Spurs,Spurs
492,430,8,Southampton,8,True,2022-08-06T14:00:00Z,4,1,1,90,1,0,0,1,0,0,0,0,0,0,0,27,43.6,0.4,17.0,6.1,50,0,289437,0,0,Eric Dier,50,DEF,Chelsea,Spurs,Spurs
493,431,8,Southampton,1,True,2022-08-06T14:00:00Z,4,1,1,4,0,0,0,0,0,0,0,0,0,0,0,5,2.0,0.0,0.0,0.2,60,0,28944,0,0,Lucas Rodrigues Moura da Silva,60,MID,Chelsea,Spurs,Spurs
494,432,8,Southampton,2,True,2022-08-06T14:00:00Z,4,1,1,85,0,0,0,1,0,0,0,0,0,0,0,14,22.4,16.8,9.0,4.8,50,0,62596,0,0,Ben Davies,50,DEF,Chelsea,Spurs,Spurs
495,433,8,Southampton,2,True,2022-08-06T14:00:00Z,4,1,1,90,0,0,0,1,0,0,0,0,0,0,0,16,19.8,26.9,0.0,4.7,55,0,74064,0,0,Pierre-Emile Højbjerg,55,MID,Chelsea,Spurs,Spurs
496,434,8,Southampton,0,True,2022-08-06T14:00:00Z,4,1,1,0,0,0,0,0,0,0,0,0,0,0,0,0,0.0,0.0,0.0,0.0,45,0,167072,0,0,Harry Winks,45,MID,Chelsea,Spurs,Spurs
497,435,8,Southampton,0,True,2022-08-06T14:00:00Z,4,1,1,0,0,0,0,0,0,0,0,0,0,0,0,0,0.0,0.0,0.0,0.0,45,0,66668,0,0,Davinson Sánchez,45,DEF,Chelsea,Spurs,Spurs
498,436,8,Southampton,7,True,2022-08-06T14:00:00Z,4,1,1,65,1,0,0,1,0,0,0,1,0,0,0,19,38.4,3.0,53.0,9.4,45,0,40034,0,0,Ryan Sessegnon,45,DEF,Chelsea,Spurs,Spurs
499,437,8,Southampton,0,True,2022-08-06T14:00:00Z,4,1,1,0,0,0,0,0,0,0,0,0,0,0,0,0,0.0,0.0,0.0,0.0,55,0,365,0,0,Steven Bergwijn,55,MID,Chelsea,Spurs,Spurs
500,438,8,Southampton,0,True,2022-08-06T14:00:00Z,4,1,1,0,0,0,0,0,0,0,0,0,0,0,0,0,0.0,0.0,0.0,0.0,45,0,204971,0,0,Sergio Reguilón,45,DEF,Chelsea,Spurs,Spurs
501,439,8,Southampton,0,True,2022-08-06T14:00:00Z,4,1,1,0,0,0,0,0,0,0,0,0,0,0,0,0,0.0,0.0,0.0,0.0,40,0,326746,0,0,Japhet Tanganga,40,DEF,Chelsea,Spurs,Spurs
502,440,8,Southampton,1,True,2022-08-06T14:00:00Z,4,1,1,85,0,0,0,1,0,0,0,1,0,0,0,19,16.4,4.0,0.0,2.0,55,0,29440,0,0,Rodrigo Bentancur,55,MID,Chelsea,Spurs,Spurs
503,441,8,Southampton,0,True,2022-08-06T14:00:00Z,4,1,1,0,0,0,0,0,0,0,0,0,0,0,0,0,0.0,0.0,0.0,0.0,45,0,12772,0,0,Oliver Skipp,45,MID,Chelsea,Spurs,Spurs
504,442,8,Southampton,0,True,2022-08-06T14:00:00Z,4,1,1,0,0,0,0,0,0,0,0,0,0,0,0,0,0.0,0.0,0.0,0.0,40,0,11502,0,0,Joe Rodon,40,DEF,Chelsea,Spurs,Spurs
505,443,8,Southampton,2,True,2022-08-06T14:00:00Z,4,1,1,90,0,0,0,1,0,0,0,0,0,0,0,11,8.0,2.7,13.0,2.4,50,0,200747,0,0,Cristian Romero,50,DEF,Chelsea,Spurs,Spurs
506,444,8,Southampton,0,True,2022-08-06T14:00:00Z,4,1,1,4,0,0,0,0,0,0,0,1,0,0,0,0,5.0,10.0,1.0,1.6,50,0,55180,0,0,Yves Bissouma,50,MID,Chelsea,Spurs,Spurs
507,445,8,Southampton,9,True,2022-08-06T14:00:00Z,4,1,1,86,0,2,0,1,0,0,0,0,0,0,1,30,30.6,23.3,24.0,7.8,50,0,53050,0,0,Emerson Leite de Souza Junior,50,DEF,Chelsea,Spurs,Spurs
508,446,8,Southampton,13,True,2022-08-06T14:00:00Z,4,1,1,85,1,1,0,1,0,0,0,0,0,0,3,45,65.8,40.3,47.0,15.3,80,0,470486,0,0,Dejan Kulusevski,80,MID,Chelsea,Spurs,Spurs
509,447,8,Southampton,0,True,2022-08-06T14:00:00Z,4,1,1,0,0,0,0,0,0,0,0,0,0,0,0,0,0.0,0.0,0.0,0.0,45,0,10723,0,0,Dane Scarlett,45,FWD,Chelsea,Spurs,Spurs
510,448,8,Southampton,1,True,2022-08-06T14:00:00Z,4,1,1,24,0,0,0,0,0,0,0,0,0,0,0,6,7.0,8.0,6.0,2.1,55,0,1973469,0,0,Ivan Perišić,55,DEF,Chelsea,Spurs,Spurs
511,449,8,Southampton,0,True,2022-08-06T14:00:00Z,4,1,1,0,0,0,0,0,0,0,0,0,0,0,0,0,0.0,0.0,0.0,0.0,45,0,27583,0,0,Harvey White,45,MID,Chelsea,Spurs,Spurs
512,450,8,Southampton,0,True,2022-08-06T14:00:00Z,4,1,1,0,0,0,0,0,0,0,0,0,0,0,0,0,0.0,0.0,0.0,0.0,45,0,41722,0,0,Pape Matar Sarr,45,MID,Chelsea,Spurs,Spurs
513,451,8,Southampton,0,True,2022-08-06T14:00:00Z,4,1,1,0,0,0,0,0,0,0,0,0,0,0,0,0,0.0,0.0,0.0,0.0,40,0,27621,0,0,Brandon Austin,40,GKP,Chelsea,Spurs,Spurs
514,452,8,Southampton,0,True,2022-08-06T14:00:00Z,4,1,1,0,0,0,0,0,0,0,0,0,0,0,0,0,0.0,0.0,0.0,0.0,45,0,7573,0,0,Alfie Devine,45,MID,Chelsea,Spurs,Spurs
515,453,8,Southampton,0,True,2022-08-06T14:00:00Z,4,1,1,0,0,0,0,0,0,0,0,0,0,0,0,0,0.0,0.0,0.0,0.0,45,0,16300,0,0,Troy Parrott,45,FWD,Chelsea,Spurs,Spurs
516,454,8,Southampton,0,True,2022-08-06T14:00:00Z,4,1,1,0,0,0,0,0,0,0,0,0,0,0,0,0,0.0,0.0,0.0,0.0,85,0,20890,0,0,Richarlison de Andrade,85,FWD,Chelsea,Spurs,Spurs
517,513,8,Southampton,1,True,2022-08-06T14:00:00Z,4,1,1,4,0,0,0,0,0,0,0,0,0,0,0,3,2.6,0.1,0.0,0.3,50,0,39443,0,0,Clément Lenglet,50,DEF,Chelsea,Spurs,Spurs
518,522,8,Southampton,0,True,2022-08-06T14:00:00Z,4,1,1,0,0,0,0,0,0,0,0,0,0,0,0,0,0.0,0.0,0.0,0.0,45,0,56013,0,0,Djed Spence,45,DEF,Chelsea,Spurs,Spurs
519,554,8,Southampton,0,True,2022-08-06T14:00:00Z,4,1,1,0,0,0,0,0,0,0,0,0,0,0,0,0,0.0,0.0,0.0,0.0,50,0,1410,0,0,Bryan Gil Salvatierra,50,MID,Chelsea,Spurs,Spurs
520,455,10,Man City,1,True,2022-08-07T15:30:00Z,0,2,1,28,0,0,0,0,0,0,0,0,0,0,0,5,1.2,0.0,0.0,0.1,50,0,101841,0,0,Lukasz Fabianski,50,GKP,Nott'm Forest,West Ham,West Ham
521,456,10,Man City,0,True,2022-08-07T15:30:00Z,0,2,1,0,0,0,0,0,0,0,0,0,0,0,0,0,0.0,0.0,0.0,0.0,45,0,9008,0,0,Angelo Ogbonna,45,DEF,Nott'm Forest,West Ham,West Ham
522,457,10,Man City,1,True,2022-08-07T15:30:00Z,0,2,1,90,0,0,0,2,0,0,0,0,0,0,0,16,22.0,18.7,0.0,4.1,50,0,266706,0,0,Aaron Cresswell,50,DEF,Nott'm Forest,West Ham,West Ham
523,458,10,Man City,1,True,2022-08-07T15:30:00Z,0,2,1,56,0,0,0,1,0,0,0,0,0,0,0,1,0.0,0.3,22.0,2.0,75,0,393620,0,0,Michail Antonio,75,FWD,Nott'm Forest,West Ham,West Ham
524,459,10,Man City,0,True,2022-08-07T15:30:00Z,0,2,1,0,0,0,0,0,0,0,0,0,0,0,0,0,0.0,0.0,0.0,0.0,50,0,36776,0,0,Craig Dawson,50,DEF,Nott'm Forest,West Ham,West Ham
525,460,10,Man City,1,True,2022-08-07T15:30:00Z,0,2,1,56,0,0,0,1,0,0,0,0,0,0,0,2,0.0,1.1,8.0,0.8,55,0,23321,0,0,Manuel Lanzini,55,MID,Nott'm Forest,West Ham,West Ham
526,461,10,Man City,1,True,2022-08-07T15:30:00Z,0,2,1,90,0,0,0,2,0,0,0,0,0,0,0,8,13.0,0.2,2.0,1.5,45,0,110499,0,0,Kurt Zouma,45,DEF,Nott'm Forest,West Ham,West Ham
527,462,10,Man City,0,True,2022-08-07T15:30:00Z,0,2,1,0,0,0,0,0,0,0,0,0,0,0,0,0,0.0,0.0,0.0,0.0,45,0,2958,0,0,Arthur Masuaku,45,DEF,Nott'm Forest,West Ham,West Ham
528,463,10,Man City,1,True,2022-08-07T15:30:00Z,0,2,1,90,0,0,0,2,0,0,0,0,0,0,0,9,11.0,14.6,0.0,2.6,45,0,88668,0,0,Vladimir Coufal,45,DEF,Nott'm Forest,West Ham,West Ham
529,464,10,Man City,1,True,2022-08-07T15:30:00Z,0,2,1,33,0,0,0,1,0,0,0,0,0,0,0,0,2.2,1.0,17.0,2.0,60,0,185141,0,0,Saïd Benrahma,60,MID,Nott'm Forest,West Ham,West Ham
530,465,10,Man City,2,True,2022-08-07T15:30:00Z,0,2,1,90,0,0,0,2,0,0,0,0,0,0,0,5,6.6,0.7,22.0,2.9,85,0,547187,0,0,Jarrod Bowen,85,MID,Nott'm Forest,West Ham,West Ham
531,466,10,Man City,0,True,2022-08-07T15:30:00Z,0,2,1,0,0,0,0,0,0,0,0,0,0,0,0,0,0.0,0.0,0.0,0.0,50,0,3477,0,0,Nikola Vlasic,50,MID,Nott'm Forest,West Ham,West Ham
532,467,10,Man City,2,True,2022-08-07T15:30:00Z,0,2,1,90,0,0,0,2,0,0,0,0,0,0,0,10,19.8,1.3,4.0,2.5,50,0,501042,0,0,Declan Rice,50,MID,Nott'm Forest,West Ham,West Ham
533,468,10,Man City,2,True,2022-08-07T15:30:00Z,0,2,1,90,0,0,0,2,0,0,0,0,0,0,0,10,7.6,0.8,0.0,0.8,55,0,152608,0,0,Tomas Soucek,55,MID,Nott'm Forest,West Ham,West Ham
534,469,10,Man City,2,True,2022-08-07T15:30:00Z,0,2,1,90,0,0,0,2,0,0,0,0,0,0,0,11,8.2,25.8,2.0,3.6,55,0,127504,0,0,Pablo Fornals Malla,55,MID,Nott'm Forest,West Ham,West Ham
535,470,10,Man City,0,True,2022-08-07T15:30:00Z,0,2,1,0,0,0,0,0,0,0,0,0,0,0,0,0,0.0,0.0,0.0,0.0,45,0,12698,0,0,Issa Diop,45,DEF,Nott'm Forest,West Ham,West Ham
536,471,10,Man City,1,True,2022-08-07T15:30:00Z,0,2,1,90,0,0,0,2,0,0,0,0,0,0,0,13,17.8,0.3,0.0,1.8,45,0,8532,0,0,Ben Johnson,45,DEF,Nott'm Forest,West Ham,West Ham
537,472,10,Man City,0,True,2022-08-07T15:30:00Z,0,2,1,0,0,0,0,0,0,0,0,0,0,0,0,0,0.0,0.0,0.0,0.0,50,0,9094,0,0,Nayef Aguerd,50,DEF,Nott'm Forest,West Ham,West Ham
538,473,10,Man City,1,True,2022-08-07T15:30:00Z,0,2,1,61,0,0,0,2,0,0,0,0,0,0,0,2,0.0,0.0,0.0,0.0,45,0,109416,0,0,Alphonse Areola,45,GKP,Nott'm Forest,West Ham,West Ham
539,509,10,Man City,1,True,2022-08-07T15:30:00Z,0,2,1,1,0,0,0,0,0,0,0,0,0,0,0,3,0.0,0.0,0.0,0.0,45,0,30375,0,0,Flynn Downes,45,MID,Nott'm Forest,West Ham,West Ham
540,529,10,Man City,1,True,2022-08-07T15:30:00Z,0,2,1,33,0,0,0,1,0,0,0,0,0,0,0,1,0.0,0.7,0.0,0.1,70,0,100675,0,0,Gianluca Scamacca,70,FWD,Nott'm Forest,West Ham,West Ham
541,555,10,Man City,0,True,2022-08-07T15:30:00Z,0,2,1,0,0,0,0,0,0,0,0,0,0,0,0,0,0.0,0.0,0.0,0.0,40,0,13517,0,0,Harrison Ashby,40,DEF,Nott'm Forest,West Ham,West Ham
542,556,10,Man City,1,True,2022-08-07T15:30:00Z,0,2,1,1,0,0,0,0,0,0,0,0,0,0,0,3,0.0,0.0,0.0,0.0,45,0,9324,0,0,Conor Coventry,45,MID,Nott'm Forest,West Ham,West Ham
543,571,10,Man City,0,True,2022-08-07T15:30:00Z,0,2,1,0,0,0,0,0,0,0,0,0,0,0,0,0,0.0,0.0,0.0,0.0,40,0,0,0,0,Darren Randolph,40,GKP,Nott'm Forest,West Ham,West Ham
544,572,10,Man City,0,True,2022-08-07T15:30:00Z,0,2,1,0,0,0,0,0,0,0,0,0,0,0,0,0,0.0,0.0,0.0,0.0,45,0,0,0,0,Armstrong Oko-Flex,45,MID,Nott'm Forest,West Ham,West Ham
545,474,5,Leeds,0,False,2022-08-06T14:00:00Z,2,1,1,0,0,0,0,0,0,0,0,0,0,0,0,0,0.0,0.0,0.0,0.0,45,0,25170,0,0,Willy Boly,45,DEF,Wolves,Fulham,Wolves
546,475,5,Leeds,0,False,2022-08-06T14:00:00Z,2,1,1,0,0,0,0,0,0,0,0,0,0,0,0,0,0.0,0.0,0.0,0.0,50,0,382201,0,0,Conor Coady,50,DEF,Wolves,Fulham,Wolves
547,476,5,Leeds,0,False,2022-08-06T14:00:00Z,2,1,1,0,0,0,0,0,0,0,0,0,0,0,0,0,0.0,0.0,0.0,0.0,70,0,28953,0,0,Raúl Jiménez,70,FWD,Wolves,Fulham,Wolves
548,477,5,Leeds,1,False,2022-08-06T14:00:00Z,2,1,1,90,0,0,0,2,0,0,0,0,0,0,0,12,11.6,3.1,1.0,1.6,45,0,55858,0,0,Jonathan Castro Otto,45,DEF,Wolves,Fulham,Wolves
549,478,5,Leeds,2,False,2022-08-06T14:00:00Z,2,1,1,90,0,0,0,2,0,0,0,0,0,3,0,17,24.0,0.0,0.0,2.4,50,0,323035,0,0,José Malheiro de Sá,50,GKP,Wolves,Fulham,Wolves
550,479,5,Leeds,2,False,2022-08-06T14:00:00Z,2,1,1,90,0,0,0,2,0,0,0,0,0,0,0,21,24.4,16.5,37.0,7.8,50,0,13096,0,0,Leander Dendoncker,50,MID,Wolves,Fulham,Wolves
551,480,5,Leeds,4,False,2022-08-06T14:00:00Z,2,1,1,90,0,0,0,2,0,0,0,0,0,0,2,25,36.2,24.0,1.0,6.1,55,0,133655,0,0,Rúben da Silva Neves,55,MID,Wolves,Fulham,Wolves
552,481,5,Leeds,5,False,2022-08-06T14:00:00Z,2,1,1,84,0,1,0,2,0,0,0,0,0,0,0,22,28.8,25.7,29.0,8.4,60,0,33453,0,0,Hwang Hee-chan,60,MID,Wolves,Fulham,Wolves
553,482,5,Leeds,0,False,2022-08-06T14:00:00Z,2,1,1,0,0,0,0,0,0,0,0,0,0,0,0,0,0.0,0.0,0.0,0.0,50,0,2396,0,0,Nélson Cabral Semedo,50,DEF,Wolves,Fulham,Wolves
554,483,5,Leeds,10,False,2022-08-06T14:00:00Z,2,1,1,90,1,0,0,2,0,0,0,0,0,0,3,28,41.0,41.0,28.0,11.0,55,0,38556,0,0,Daniel Castelo Podence,55,MID,Wolves,Fulham,Wolves
555,484,5,Leeds,1,False,2022-08-06T14:00:00Z,2,1,1,90,0,0,0,2,0,0,0,0,0,0,0,20,24.8,0.5,6.0,3.1,45,0,71840,0,0,Max Kilman,45,DEF,Wolves,Fulham,Wolves
556,485,5,Leeds,0,False,2022-08-06T14:00:00Z,2,1,1,0,0,0,0,0,0,0,0,0,0,0,0,0,0.0,0.0,0.0,0.0,45,0,36521,0,0,Luke Cundle,45,MID,Wolves,Fulham,Wolves
557,486,5,Leeds,2,False,2022-08-06T14:00:00Z,2,1,1,90,0,0,0,2,0,0,0,0,0,0,0,15,18.2,27.0,53.0,9.8,55,0,1423269,0,0,Pedro Lomba Neto,55,MID,Wolves,Fulham,Wolves
558,487,5,Leeds,-1,False,2022-08-06T14:00:00Z,2,1,1,90,0,0,0,2,1,0,0,0,0,0,0,11,17.0,37.8,8.0,6.3,45,0,160198,0,0,Rayan Aït-Nouri,45,DEF,Wolves,Fulham,Wolves
559,488,5,Leeds,0,False,2022-08-06T14:00:00Z,2,1,1,0,0,0,0,0,0,0,0,0,0,0,0,0,0.0,0.0,0.0,0.0,55,0,5128,0,0,Fabio Silva,55,FWD,Wolves,Fulham,Wolves
560,489,5,Leeds,0,False,2022-08-06T14:00:00Z,2,1,1,0,0,0,0,0,0,0,0,0,0,0,0,0,0.0,0.0,0.0,0.0,40,0,66256,0,0,Toti António Gomes,40,DEF,Wolves,Fulham,Wolves
561,490,5,Leeds,0,False,2022-08-06T14:00:00Z,2,1,1,0,0,0,0,0,0,0,0,0,0,0,0,0,0.0,0.0,0.0,0.0,50,0,309,0,0,Francisco Jorge Tomás Oliveira,50,MID,Wolves,Fulham,Wolves
562,491,5,Leeds,0,False,2022-08-06T14:00:00Z,2,1,1,0,0,0,0,0,0,0,0,0,0,0,0,0,0.0,0.0,0.0,0.0,55,0,14479,0,0,Adama Traoré Diarra,55,MID,Wolves,Fulham,Wolves
563,492,5,Leeds,0,False,2022-08-06T14:00:00Z,2,1,1,0,0,0,0,0,0,0,0,0,0,0,0,0,0.0,0.0,0.0,0.0,40,0,191920,0,0,Matija Šarkić,40,GKP,Wolves,Fulham,Wolves
564,493,5,Leeds,2,False,2022-08-06T14:00:00Z,2,1,1,90,0,0,0,2,0,0,0,0,0,0,0,9,11.6,23.6,13.0,4.8,55,0,13163,0,0,Morgan Gibbs-White,55,MID,Wolves,Fulham,Wolves
565,494,5,Leeds,0,False,2022-08-06T14:00:00Z,2,1,1,0,0,0,0,0,0,0,0,0,0,0,0,0,0.0,0.0,0.0,0.0,40,0,77448,0,0,Yerson Mosquera Valdelamar,40,DEF,Wolves,Fulham,Wolves
566,503,5,Leeds,0,False,2022-08-06T14:00:00Z,2,1,1,0,0,0,0,0,0,0,0,0,0,0,0,0,0.0,0.0,0.0,0.0,50,0,168063,0,0,João Filipe Iria Santos Moutinho,50,MID,Wolves,Fulham,Wolves
567,516,5,Leeds,1,False,2022-08-06T14:00:00Z,2,1,1,90,0,0,0,2,0,0,0,0,0,0,0,15,12.4,0.9,2.0,1.5,45,0,23857,0,0,Nathan Collins,45,DEF,Wolves,Fulham,Wolves
568,557,5,Leeds,0,False,2022-08-06T14:00:00Z,2,1,1,0,0,0,0,0,0,0,0,0,0,0,0,0,0.0,0.0,0.0,0.0,40,0,37958,0,0,Jackson Smith,40,GKP,Wolves,Fulham,Wolves
569,558,5,Leeds,0,False,2022-08-06T14:00:00Z,2,1,1,0,0,0,0,0,0,0,0,0,0,0,0,0,0.0,0.0,0.0,0.0,40,0,40105,0,0,Hugo Bueno López,40,DEF,Wolves,Fulham,Wolves
570,566,5,Leeds,0,False,2022-08-06T14:00:00Z,2,1,1,0,0,0,0,0,0,0,0,0,0,0,0,0,0.0,0.0,0.0,0.0,45,0,0,0,0,Joseph Hodge,45,MID,Wolves,Fulham,Wolves
571,567,5,Leeds,0,False,2022-08-06T14:00:00Z,2,1,1,0,0,0,0,0,0,0,0,0,0,0,0,0,0.0,0.0,0.0,0.0,45,0,0,0,0,Connor Ronan,45,MID,Wolves,Fulham,Wolves
572,568,5,Leeds,1,False,2022-08-06T14:00:00Z,2,1,1,5,0,0,0,0,0,0,0,0,0,0,0,2,0.0,0.0,0.0,0.0,45,0,0,0,0,Chem Campbell,45,MID,Wolves,Fulham,Wolves
